trial_number,value,alpha,model,target,n_estimators,max_depth,min_samples_leaf,min_samples_split,learning_rate,subsample,colsample_bytree,min_child_weight,reg_alpha,reg_lambda,C,gamma,epsilon,n_neighbors,weights
0,572.4253808676165,0.024371157544310663,Ridge,日平均负荷,,,,,,,,,,,,,,,
1,572.368843952206,0.03947046633004499,Ridge,日平均负荷,,,,,,,,,,,,,,,
2,572.2982456962848,0.05895902149408136,Ridge,日平均负荷,,,,,,,,,,,,,,,
3,572.2588129352424,0.07017045414370995,Ridge,日平均负荷,,,,,,,,,,,,,,,
4,572.1552535396391,0.10082453311781096,Ridge,日平均负荷,,,,,,,,,,,,,,,
5,571.8207706067675,0.21469425022922123,Ridge,日平均负荷,,,,,,,,,,,,,,,
6,572.306790889964,0.05656101132527541,Ridge,日平均负荷,,,,,,,,,,,,,,,
7,572.2332365031212,0.07757392899261667,Ridge,日平均负荷,,,,,,,,,,,,,,,
8,580.5993263055548,7.767067514720628,Ridge,日平均负荷,,,,,,,,,,,,,,,
9,571.7365049237882,0.24801364223324734,Ridge,日平均负荷,,,,,,,,,,,,,,,
10,663.6158346190044,95.5391738860247,Ridge,日平均负荷,,,,,,,,,,,,,,,
11,571.0975137750546,0.643389477300087,Ridge,日平均负荷,,,,,,,,,,,,,,,
12,571.0868337281034,0.6550715913006101,Ridge,日平均负荷,,,,,,,,,,,,,,,
13,571.0459657937027,1.4789204463439376,Ridge,日平均负荷,,,,,,,,,,,,,,,
14,571.8324037817769,2.3352324732916747,Ridge,日平均负荷,,,,,,,,,,,,,,,
15,572.3517687662161,2.74327600466302,Ridge,日平均负荷,,,,,,,,,,,,,,,
16,585.3447471525545,10.63288004211266,Ridge,日平均负荷,,,,,,,,,,,,,,,
17,570.919949254892,1.0346278298750762,Ridge,日平均负荷,,,,,,,,,,,,,,,
18,624.2372644595456,42.94329519445161,Ridge,日平均负荷,,,,,,,,,,,,,,,
19,571.0871554139911,1.5473918209128177,Ridge,日平均负荷,,,,,,,,,,,,,,,
20,587.3784730724267,11.911052633926571,Ridge,日平均负荷,,,,,,,,,,,,,,,
21,571.0722717030629,0.6717265631424219,Ridge,日平均负荷,,,,,,,,,,,,,,,
22,570.9690818336035,0.831725888369238,Ridge,日平均负荷,,,,,,,,,,,,,,,
23,575.3260531909356,4.664514401823972,Ridge,日平均负荷,,,,,,,,,,,,,,,
24,570.9376356623674,1.2138656211386558,Ridge,日平均负荷,,,,,,,,,,,,,,,
25,572.4748239502393,0.011513593990835121,Ridge,日平均负荷,,,,,,,,,,,,,,,
26,571.6505799604662,0.2845285292001879,Ridge,日平均负荷,,,,,,,,,,,,,,,
27,570.9296282862309,0.9546670398600258,Ridge,日平均负荷,,,,,,,,,,,,,,,
28,602.1285849525244,22.401530517508544,Ridge,日平均负荷,,,,,,,,,,,,,,,
29,574.658614788356,4.260107884055545,Ridge,日平均负荷,,,,,,,,,,,,,,,
30,570.9360781176911,1.2071312177222226,Ridge,日平均负荷,,,,,,,,,,,,,,,
31,571.4610320231844,0.3768012591493339,Ridge,日平均负荷,,,,,,,,,,,,,,,
32,571.0499310564577,1.4858851443909862,Ridge,日平均负荷,,,,,,,,,,,,,,,
33,571.9406859362745,0.17085202043235023,Ridge,日平均负荷,,,,,,,,,,,,,,,
34,570.9203536939714,1.0272718130422303,Ridge,日平均负荷,,,,,,,,,,,,,,,
35,571.3506893171055,0.4407870917849534,Ridge,日平均负荷,,,,,,,,,,,,,,,
36,573.2342719231862,3.358032258722165,Ridge,日平均负荷,,,,,,,,,,,,,,,
37,572.0792099344807,0.12455620605032737,Ridge,日平均负荷,,,,,,,,,,,,,,,
38,570.9199128210636,1.0353896158382423,Ridge,日平均负荷,,,,,,,,,,,,,,,
39,571.4187208051952,0.400238871176628,Ridge,日平均负荷,,,,,,,,,,,,,,,
40,578.5094713305282,6.5400039019674026,Ridge,日平均负荷,,,,,,,,,,,,,,,
41,570.9278052221706,0.964440990031363,Ridge,日平均负荷,,,,,,,,,,,,,,,
42,570.9324071958928,0.9413621287182141,Ridge,日平均负荷,,,,,,,,,,,,,,,
43,571.7936384251345,2.3023538202578893,Ridge,日平均负荷,,,,,,,,,,,,,,,
44,571.2457520213374,0.5122425836108659,Ridge,日平均负荷,,,,,,,,,,,,,,,
45,571.4223779888448,1.9578717408639914,Ridge,日平均负荷,,,,,,,,,,,,,,,
46,572.3774969253217,0.037131101506708154,Ridge,日平均负荷,,,,,,,,,,,,,,,
47,570.9264974723968,0.9721420589742292,Ridge,日平均负荷,,,,,,,,,,,,,,,
48,571.8529004747173,0.2025625754722292,Ridge,日平均负荷,,,,,,,,,,,,,,,
49,571.644791998869,0.28709147591720463,Ridge,日平均负荷,,,,,,,,,,,,,,,
0,546.7745393372319,,RandomForest,日平均负荷,111.0,14.0,5.0,4.0,,,,,,,,,,,
1,558.014909247613,,RandomForest,日平均负荷,256.0,11.0,1.0,14.0,,,,,,,,,,,
2,575.16641796285,,RandomForest,日平均负荷,490.0,25.0,9.0,11.0,,,,,,,,,,,
3,580.4012904782476,,RandomForest,日平均负荷,393.0,5.0,8.0,6.0,,,,,,,,,,,
4,565.820174422691,,RandomForest,日平均负荷,328.0,17.0,8.0,13.0,,,,,,,,,,,
5,561.1116898972474,,RandomForest,日平均负荷,470.0,12.0,7.0,4.0,,,,,,,,,,,
6,581.8053991813562,,RandomForest,日平均负荷,199.0,20.0,10.0,17.0,,,,,,,,,,,
7,566.6348888842649,,RandomForest,日平均负荷,348.0,18.0,8.0,11.0,,,,,,,,,,,
8,562.1760767095311,,RandomForest,日平均负荷,356.0,8.0,7.0,6.0,,,,,,,,,,,
9,559.3907508795428,,RandomForest,日平均负荷,232.0,23.0,2.0,17.0,,,,,,,,,,,
10,567.1147608370023,,RandomForest,日平均负荷,108.0,30.0,4.0,20.0,,,,,,,,,,,
11,539.455448586244,,RandomForest,日平均负荷,111.0,13.0,2.0,2.0,,,,,,,,,,,
12,545.4516240076013,,RandomForest,日平均负荷,111.0,13.0,4.0,2.0,,,,,,,,,,,
13,540.506485219982,,RandomForest,日平均负荷,154.0,15.0,3.0,2.0,,,,,,,,,,,
14,537.7768246755206,,RandomForest,日平均负荷,175.0,9.0,2.0,2.0,,,,,,,,,,,
15,546.2159209060615,,RandomForest,日平均负荷,177.0,9.0,1.0,7.0,,,,,,,,,,,
16,552.522223011551,,RandomForest,日平均负荷,260.0,6.0,2.0,8.0,,,,,,,,,,,
17,544.1920035249148,,RandomForest,日平均负荷,167.0,10.0,5.0,4.0,,,,,,,,,,,
18,544.405314636701,,RandomForest,日平均负荷,205.0,8.0,3.0,2.0,,,,,,,,,,,
19,541.4174754959248,,RandomForest,日平均负荷,148.0,16.0,2.0,9.0,,,,,,,,,,,
20,545.9613411858246,,RandomForest,日平均负荷,294.0,20.0,1.0,4.0,,,,,,,,,,,
21,540.6216334267589,,RandomForest,日平均负荷,150.0,14.0,3.0,2.0,,,,,,,,,,,
22,541.4513095288813,,RandomForest,日平均负荷,137.0,16.0,3.0,2.0,,,,,,,,,,,
23,543.5808896732868,,RandomForest,日平均负荷,200.0,12.0,4.0,5.0,,,,,,,,,,,
24,545.3494798742175,,RandomForest,日平均负荷,232.0,7.0,2.0,3.0,,,,,,,,,,,
25,544.766617460277,,RandomForest,日平均负荷,140.0,10.0,5.0,6.0,,,,,,,,,,,
26,540.5368667496248,,RandomForest,日平均负荷,182.0,15.0,3.0,3.0,,,,,,,,,,,
27,544.7133669876854,,RandomForest,日平均负荷,228.0,20.0,1.0,5.0,,,,,,,,,,,
28,546.1075742390968,,RandomForest,日平均负荷,108.0,18.0,4.0,3.0,,,,,,,,,,,
29,539.2676778958612,,RandomForest,日平均负荷,133.0,14.0,2.0,5.0,,,,,,,,,,,
30,553.9331155098312,,RandomForest,日平均负荷,100.0,13.0,6.0,9.0,,,,,,,,,,,
31,539.0628583391003,,RandomForest,日平均负荷,131.0,14.0,2.0,5.0,,,,,,,,,,,
32,541.8450302473824,,RandomForest,日平均负荷,128.0,11.0,2.0,5.0,,,,,,,,,,,
33,545.3402524638567,,RandomForest,日平均负荷,179.0,14.0,1.0,7.0,,,,,,,,,,,
34,536.2368331567521,,RandomForest,日平均负荷,133.0,12.0,2.0,4.0,,,,,,,,,,,
35,543.3156089860943,,RandomForest,日平均负荷,131.0,11.0,1.0,4.0,,,,,,,,,,,
36,566.5696922362584,,RandomForest,日平均负荷,169.0,5.0,2.0,7.0,,,,,,,,,,,
37,546.8774768280997,,RandomForest,日平均负荷,213.0,9.0,3.0,10.0,,,,,,,,,,,
38,544.2352717283102,,RandomForest,日平均负荷,262.0,18.0,1.0,5.0,,,,,,,,,,,
39,544.6915516672312,,RandomForest,日平均负荷,415.0,12.0,2.0,8.0,,,,,,,,,,,
40,550.0671881594911,,RandomForest,日平均负荷,126.0,10.0,3.0,12.0,,,,,,,,,,,
41,535.5984857631717,,RandomForest,日平均负荷,157.0,13.0,2.0,3.0,,,,,,,,,,,
42,534.8842884520551,,RandomForest,日平均负荷,162.0,16.0,2.0,4.0,,,,,,,,,,,
43,542.2442046817904,,RandomForest,日平均负荷,163.0,16.0,1.0,3.0,,,,,,,,,,,
44,580.5293438865015,,RandomForest,日平均负荷,191.0,12.0,10.0,4.0,,,,,,,,,,,
45,542.3624856069813,,RandomForest,日平均负荷,156.0,17.0,4.0,6.0,,,,,,,,,,,
46,538.2791521164409,,RandomForest,日平均负荷,221.0,23.0,2.0,3.0,,,,,,,,,,,
47,541.1279354890838,,RandomForest,日平均负荷,287.0,27.0,3.0,4.0,,,,,,,,,,,
48,539.0237846310073,,RandomForest,日平均负荷,217.0,22.0,2.0,3.0,,,,,,,,,,,
49,571.7537110094306,,RandomForest,日平均负荷,191.0,28.0,9.0,16.0,,,,,,,,,,,
0,563.9895471496665,,XGBoost,日平均负荷,501.0,10.0,,,0.06793624965779045,0.5001163786119084,0.9265455044273357,3.0,0.00022424200965483678,0.08934685668028304,,,,,
1,603.3277764872814,,XGBoost,日平均负荷,155.0,9.0,,,0.22430824563986052,0.6686941404167326,0.9159868030403441,10.0,0.45388281033345457,0.03591581402898223,,,,,
2,612.1295150461593,,XGBoost,日平均负荷,236.0,10.0,,,0.08998472455661835,0.7210147705819818,0.5003147442870782,6.0,5.0592912487444375e-05,4.660138108349691e-05,,,,,
3,600.1782507238329,,XGBoost,日平均负荷,663.0,10.0,,,0.017814967303956146,0.7383113003311312,0.563320392663364,9.0,0.0006746855529137827,0.0004125641164629387,,,,,
4,592.6665020976856,,XGBoost,日平均负荷,586.0,11.0,,,0.16277216620473328,0.6212903204074957,0.6866941333358033,3.0,0.40624923819365527,0.0008074144674204002,,,,,
5,627.6623492358334,,XGBoost,日平均负荷,781.0,6.0,,,0.14548973273286356,0.5780644094958545,0.8980471714383249,9.0,5.911433853416732e-05,0.00036850148393513125,,,,,
6,597.61437453737,,XGBoost,日平均负荷,674.0,6.0,,,0.05576518033624541,0.5428629287138227,0.6703101461047625,1.0,0.5161652161273438,0.051822804003833475,,,,,
7,565.2537469653947,,XGBoost,日平均负荷,147.0,5.0,,,0.04851454930614029,0.825325994174951,0.7852486403645733,9.0,0.001742440989445345,0.009372166840082718,,,,,
8,599.9805075887883,,XGBoost,日平均负荷,485.0,9.0,,,0.021153139532988353,0.8998966228025115,0.6384097535684692,5.0,1.8567049597342157e-05,0.03905420852781602,,,,,
9,530.2229383458734,,XGBoost,日平均负荷,157.0,4.0,,,0.034376450054954266,0.8854951725423972,0.9310796563176764,4.0,0.002235376938927042,0.13464799153096316,,,,,
10,587.4475080055598,,XGBoost,日平均负荷,320.0,3.0,,,0.011660694490603243,0.9939243642553628,0.8079639529276996,6.0,0.015186706106581252,0.6063564435002853,,,,,
11,540.1454237745651,,XGBoost,日平均负荷,406.0,12.0,,,0.0351427158263294,0.507425432576196,0.9782287167795758,3.0,0.000876159340215625,0.41935994354727,,,,,
12,521.8204830591379,,XGBoost,日平均负荷,357.0,12.0,,,0.029426073303639055,0.8200651426696104,0.9965109545130485,3.0,0.008347250851810352,0.774155296321683,,,,,
13,538.3083754437115,,XGBoost,日平均负荷,281.0,3.0,,,0.027178032347686117,0.8650911018241828,0.9992369315312506,1.0,0.014437154680693258,0.946994431869845,,,,,
14,767.8905466584914,,XGBoost,日平均负荷,100.0,7.0,,,0.010943930728353113,0.9557064630619859,0.8328066383854441,4.0,0.012846641456776112,0.23928869500089575,,,,,
15,536.6913400383321,,XGBoost,日平均负荷,372.0,8.0,,,0.036122271647012615,0.7958706266604674,0.8727945353177831,7.0,0.061614716477155745,0.006408804672130338,,,,,
16,537.6965251922924,,XGBoost,日平均负荷,232.0,4.0,,,0.018611270920421148,0.9163787418400557,0.9596052172011423,2.0,0.002531879689146417,0.1578953675098629,,,,,
17,566.1813819009863,,XGBoost,日平均负荷,422.0,12.0,,,0.08457473639428824,0.793220773258435,0.8560358704702679,4.0,0.004464813520066921,0.013654208311893812,,,,,
18,573.8829474301386,,XGBoost,日平均负荷,227.0,7.0,,,0.035917321815829205,0.8533571764850969,0.7411006499493944,5.0,0.07764381152458198,0.001995467697472962,,,,,
19,552.3404633721392,,XGBoost,日平均负荷,313.0,5.0,,,0.02409746281533417,0.7519436059170425,0.9423008507952733,2.0,0.0628642600370811,0.18283251054093883,,,,,
20,534.3676544819242,,XGBoost,日平均负荷,477.0,8.0,,,0.015964058280890578,0.9187543040975398,0.8873846028623232,7.0,0.0002705664216735511,1.053476568221237e-05,,,,,
21,534.9723937424309,,XGBoost,日平均负荷,495.0,8.0,,,0.014716629947435323,0.9227567791419746,0.895407233464966,7.0,0.00023800282523116903,1.0181367292258693e-05,,,,,
22,514.3534658324689,,XGBoost,日平均负荷,565.0,11.0,,,0.028280280549546368,0.8762481130627044,0.9994640378147066,7.0,0.00016507081784673385,0.00011142024487407718,,,,,
23,523.8722250521845,,XGBoost,日平均负荷,566.0,11.0,,,0.029763389448263355,0.8621826222764787,0.9755016185679939,5.0,0.00581373856590808,8.290110362308685e-05,,,,,
24,542.9914059981784,,XGBoost,日平均负荷,577.0,11.0,,,0.04910641911160046,0.8207817628793558,0.9920352986158348,6.0,0.006736739538031732,6.78931040771013e-05,,,,,
25,525.3479829703552,,XGBoost,日平均负荷,595.0,11.0,,,0.025524634254636507,0.9699200770124712,0.9659463831834534,8.0,0.04101978499842168,9.38962845166139e-05,,,,,
26,527.7110124985142,,XGBoost,日平均负荷,752.0,12.0,,,0.030307259543132514,0.7853116038605319,0.9974465369586425,5.0,1.0796350723146295e-05,3.021538585674419e-05,,,,,
27,533.3871032925828,,XGBoost,日平均负荷,662.0,11.0,,,0.04342955411675507,0.8360495207787357,0.9601755554815704,8.0,9.269612086012259e-05,0.00015405935725206716,,,,,
28,554.940968894398,,XGBoost,日平均负荷,537.0,12.0,,,0.06858653476410165,0.8608375606325216,0.9432673942514236,5.0,0.19362361970605152,0.002385151741689237,,,,,
29,574.5756937882635,,XGBoost,日平均负荷,707.0,10.0,,,0.02243367065321221,0.7131886318293195,0.9240977668034421,2.0,0.03106003570122293,0.00021902771169104212,,,,,
30,575.6788447464334,,XGBoost,日平均负荷,434.0,9.0,,,0.06419615751557012,0.7656559464742,0.8360452582893864,4.0,0.006121925623841636,0.00162953130337353,,,,,
31,514.9777860749897,,XGBoost,日平均负荷,600.0,11.0,,,0.02730165982416564,0.960974068321034,0.9672235458933576,8.0,0.027385262537241172,9.564840020612044e-05,,,,,
32,537.1273111095585,,XGBoost,日平均负荷,613.0,11.0,,,0.04244918373618864,0.937706782586986,0.9110018239151624,8.0,0.14188666857415785,3.102673241849049e-05,,,,,
33,568.2643184511793,,XGBoost,日平均负荷,714.0,10.0,,,0.03190556629127817,0.991954562834888,0.9657568050150727,10.0,0.0006430603799946114,2.469735681178725e-05,,,,,
34,532.6747161552247,,XGBoost,日平均负荷,555.0,10.0,,,0.014818054185646237,0.6894796710386063,0.9281508171790176,7.0,0.01946031410743108,0.00013534707873265952,,,,,
35,527.4386313499556,,XGBoost,日平均负荷,637.0,12.0,,,0.020267931580488313,0.8801574265774792,0.9768623549086297,6.0,0.008701119631245922,0.0003305257148213852,,,,,
36,527.5014004960009,,XGBoost,日平均负荷,527.0,11.0,,,0.02549164752645099,0.9493498609553334,0.9987873959164439,9.0,0.0011776460776392896,0.0007584480388240386,,,,,
37,533.375169410194,,XGBoost,日平均负荷,456.0,10.0,,,0.02880725022409869,0.9011303967261408,0.9458602825680178,8.0,0.0004491290726916917,0.000559358542581559,,,,,
38,554.6832354376724,,XGBoost,日平均负荷,376.0,11.0,,,0.24485369058783912,0.8437152838055793,0.9100613343874314,10.0,0.2097506062470992,5.958136866748755e-05,,,,,
39,600.1285877048718,,XGBoost,日平均负荷,792.0,9.0,,,0.12920488640864075,0.6561364173474726,0.5430573127601058,3.0,0.004135123824428622,0.004271829647329735,,,,,
40,536.1719849145792,,XGBoost,日平均负荷,519.0,12.0,,,0.01293049897578076,0.8164967779605553,0.88163434192734,6.0,6.79201029139593e-05,0.021922960839885312,,,,,
41,518.8759581612454,,XGBoost,日平均负荷,619.0,11.0,,,0.024202649413680326,0.9673925200909332,0.9697494724844156,8.0,0.02469342287582297,9.600946498689307e-05,,,,,
42,523.1920856130471,,XGBoost,日平均负荷,632.0,11.0,,,0.019480433605888775,0.969536582749891,0.9688870817219737,9.0,0.9570102524317113,0.00014279906575034951,,,,,
43,532.9016877589854,,XGBoost,日平均负荷,617.0,12.0,,,0.017751706925722928,0.9703882573953664,0.9449532821092321,9.0,0.38626136874818545,0.00027428418718444694,,,,,
44,560.8315875184688,,XGBoost,日平均负荷,665.0,10.0,,,0.020267036036232408,0.9729088761997788,0.9210875885367305,10.0,0.9587431025207717,0.0001473737802359005,,,,,
45,521.1956753377837,,XGBoost,日平均负荷,712.0,11.0,,,0.04307210027894579,0.9924305783105017,0.9810816086745595,8.0,0.00013236744486589468,2.0915583865787406e-05,,,,,
46,521.6640395789769,,XGBoost,日平均负荷,714.0,10.0,,,0.042102031721730146,0.9354838540052688,0.9991914621462005,8.0,0.00011574839741972876,1.7758873261407174e-05,,,,,
47,539.0315263873539,,XGBoost,日平均负荷,742.0,9.0,,,0.057528325138581055,0.9375574911266945,0.9540863153538296,8.0,2.9393006751822156e-05,2.3007344991408652e-05,,,,,
48,533.0879820650148,,XGBoost,日平均负荷,701.0,10.0,,,0.04263536434021223,0.9996984950304973,0.9815924987593083,7.0,0.00011606072079820276,4.456269561405172e-05,,,,,
49,538.0220471338977,,XGBoost,日平均负荷,746.0,10.0,,,0.09058228839516431,0.8947192807108721,0.85370776208128,9.0,0.00011217437098174608,1.7760715392794587e-05,,,,,
0,1446.2950820500344,,SVR,日平均负荷,,,,,,,,,,,5.8811728574428495,0.0009265000915070278,0.19558400773432355,,
1,1471.8026411383134,,SVR,日平均负荷,,,,,,,,,,,0.18738096960043274,0.7068170820600008,0.1691736318399316,,
2,1422.7950725636872,,SVR,日平均负荷,,,,,,,,,,,8.784113618247947,0.0012352555396961742,0.3950380794919156,,
3,1295.2177750053563,,SVR,日平均负荷,,,,,,,,,,,56.1556897654541,0.0007629521514200205,0.26165102036864124,,
4,1471.7778210162626,,SVR,日平均负荷,,,,,,,,,,,1.3805294462077191,0.9969598906297794,0.43294528038162006,,
5,1352.0213655685156,,SVR,日平均负荷,,,,,,,,,,,13.635262301157319,0.002193487972269193,0.010812397569770094,,
6,1461.7486212989543,,SVR,日平均负荷,,,,,,,,,,,0.3701187627061052,0.009976370528838117,0.3110657037729892,,
7,1446.98291843034,,SVR,日平均负荷,,,,,,,,,,,1.8127601920079621,0.09378341454275813,0.03865668535259059,,
8,1180.1284323548773,,SVR,日平均负荷,,,,,,,,,,,48.17473851828021,0.12200676180381861,0.47298938490218123,,
9,1408.2305701362584,,SVR,日平均负荷,,,,,,,,,,,5.630125302472939,0.002777216652281889,0.4718392395883369,,
10,1428.4770066199765,,SVR,日平均负荷,,,,,,,,,,,87.83476974704202,0.00010184102226527028,0.11999664408855498,,
11,938.0802888851749,,SVR,日平均负荷,,,,,,,,,,,69.91310019790018,0.04229850798616913,0.30454005024330966,,
12,1100.3577124112992,,SVR,日平均负荷,,,,,,,,,,,26.650220390366222,0.05039221489201515,0.3625860319682145,,
13,1094.0128561829988,,SVR,日平均负荷,,,,,,,,,,,23.037296722133338,0.03958269420527523,0.3426233882864734,,
14,1058.4381080922392,,SVR,日平均负荷,,,,,,,,,,,22.532650769043894,0.019245537624961333,0.2859836264580681,,
15,868.8589419479717,,SVR,日平均负荷,,,,,,,,,,,95.16450302175288,0.014709219774010981,0.25879058684982303,,
16,902.3219915226758,,SVR,日平均负荷,,,,,,,,,,,91.81238219580135,0.007107759604712045,0.22263868778736218,,
17,1040.219395587802,,SVR,日平均负荷,,,,,,,,,,,37.674259087325844,0.00616005717643765,0.2215538722204457,,
18,904.2751318096963,,SVR,日平均负荷,,,,,,,,,,,86.38366851217577,0.007727726182963707,0.13101885324616808,,
19,1283.830663953646,,SVR,日平均负荷,,,,,,,,,,,99.64205278216357,0.2607942195067198,0.09555210258576766,,
20,1454.5294687703636,,SVR,日平均负荷,,,,,,,,,,,13.34626762381913,0.0002623956261327427,0.23177017794104093,,
21,887.1982184379034,,SVR,日平均负荷,,,,,,,,,,,98.69570721539554,0.008141311976864232,0.13850622987703595,,
22,965.6928391984306,,SVR,日平均负荷,,,,,,,,,,,41.62905703047422,0.014673483186180133,0.16732253305070688,,
23,942.2335653189283,,SVR,日平均负荷,,,,,,,,,,,98.01833602934389,0.003828817004781533,0.25735265386759343,,
24,1000.4443997046179,,SVR,日平均负荷,,,,,,,,,,,32.969649838521214,0.022880894634081394,0.09233239377556485,,
25,997.9406132604025,,SVR,日平均负荷,,,,,,,,,,,52.26291257603081,0.005265523937854254,0.18429415720082865,,
26,1323.1060655629756,,SVR,日平均负荷,,,,,,,,,,,18.63401518059319,0.0020266450979809086,0.14606905982719623,,
27,1360.7808236357685,,SVR,日平均负荷,,,,,,,,,,,51.822481548716134,0.000483862474939727,0.21837578478216718,,
28,995.4244285495406,,SVR,日平均负荷,,,,,,,,,,,33.374453348596326,0.016638743054475304,0.050808068646273546,,
29,1316.1860171946053,,SVR,日平均负荷,,,,,,,,,,,6.424480220357463,0.009382433256324627,0.19959931977753748,,
30,1436.8991970381237,,SVR,日平均负荷,,,,,,,,,,,2.897741415228352,0.10224475797345292,0.2551574319399171,,
31,930.6894460305465,,SVR,日平均负荷,,,,,,,,,,,68.7011515359304,0.007989523884014993,0.12352876764112844,,
32,866.9699181017035,,SVR,日平均负荷,,,,,,,,,,,96.59129448205489,0.02908744516701964,0.15796866712368746,,
33,949.9965046191486,,SVR,日平均负荷,,,,,,,,,,,58.461615315868926,0.03731699765099203,0.1632102045365172,,
34,1065.5524279243132,,SVR,日平均负荷,,,,,,,,,,,99.6070753643345,0.0015263420854346875,0.10217338859928006,,
35,1389.1498854934368,,SVR,日平均负荷,,,,,,,,,,,58.067703034468046,0.3176487276408683,0.1962746307736729,,
36,1467.1388932383095,,SVR,日平均负荷,,,,,,,,,,,0.3323142843848544,0.0037386094813529115,0.06139383231646807,,
37,1166.532370378581,,SVR,日平均负荷,,,,,,,,,,,12.818118918755182,0.0248314838322969,0.28815165637389367,,
38,1468.472907315169,,SVR,日平均负荷,,,,,,,,,,,0.11481012873889203,0.01292742444064202,0.2441162048029587,,
39,1322.2769992467545,,SVR,日平均负荷,,,,,,,,,,,34.632735027048575,0.001030912666228326,0.15220825077904357,,
40,1028.9433313825882,,SVR,日平均负荷,,,,,,,,,,,67.80563319030514,0.07550610178450784,0.20139856772268785,,
41,942.8154581326961,,SVR,日平均负荷,,,,,,,,,,,74.14921628332466,0.0056832223068720355,0.07192934240832288,,
42,970.7777310529286,,SVR,日平均负荷,,,,,,,,,,,44.75089085638979,0.009814889481720962,0.12922791972396291,,
43,897.8251822528961,,SVR,日平均负荷,,,,,,,,,,,74.8188735134314,0.02649186877739857,0.18447557087171224,,
44,906.4773454509814,,SVR,日平均负荷,,,,,,,,,,,67.75619781019101,0.024946373620015765,0.2805743776804277,,
45,1045.814005211487,,SVR,日平均负荷,,,,,,,,,,,27.502807708501518,0.03224230343933535,0.18073363756268063,,
46,1181.3622043965158,,SVR,日平均负荷,,,,,,,,,,,17.72109966841954,0.05618717907519667,0.32551757650031765,,
47,957.0779159814471,,SVR,日平均负荷,,,,,,,,,,,45.8145682351747,0.012941044921640589,0.38781219464041794,,
48,977.6264975555413,,SVR,日平均负荷,,,,,,,,,,,77.42208150149239,0.06252465557078116,0.21863441278268525,,
49,1327.364413675854,,SVR,日平均负荷,,,,,,,,,,,51.794314391561095,0.2229308046491681,0.49780439992075254,,
0,772.5535522990423,,KNN,日平均负荷,,,,,,,,,,,,,,3.0,uniform
1,769.861816992396,,KNN,日平均负荷,,,,,,,,,,,,,,4.0,distance
2,806.3261367029462,,KNN,日平均负荷,,,,,,,,,,,,,,23.0,distance
3,790.2222950029678,,KNN,日平均负荷,,,,,,,,,,,,,,16.0,distance
4,815.8072830329173,,KNN,日平均负荷,,,,,,,,,,,,,,30.0,distance
5,827.2857055226359,,KNN,日平均负荷,,,,,,,,,,,,,,26.0,uniform
6,764.7085047349834,,KNN,日平均负荷,,,,,,,,,,,,,,7.0,distance
7,824.6342167807155,,KNN,日平均负荷,,,,,,,,,,,,,,23.0,uniform
8,809.9423080833093,,KNN,日平均负荷,,,,,,,,,,,,,,17.0,uniform
9,824.1006939061448,,KNN,日平均负荷,,,,,,,,,,,,,,24.0,uniform
10,776.9717604379047,,KNN,日平均负荷,,,,,,,,,,,,,,10.0,distance
11,770.0806511472127,,KNN,日平均负荷,,,,,,,,,,,,,,3.0,distance
12,776.4704315478731,,KNN,日平均负荷,,,,,,,,,,,,,,9.0,distance
13,764.7085047349834,,KNN,日平均负荷,,,,,,,,,,,,,,7.0,distance
14,776.4704315478731,,KNN,日平均负荷,,,,,,,,,,,,,,9.0,distance
15,784.3720624715307,,KNN,日平均负荷,,,,,,,,,,,,,,13.0,distance
16,765.896777613139,,KNN,日平均负荷,,,,,,,,,,,,,,6.0,distance
17,778.1203621916671,,KNN,日平均负荷,,,,,,,,,,,,,,12.0,distance
18,764.7085047349834,,KNN,日平均负荷,,,,,,,,,,,,,,7.0,distance
19,787.6768414984339,,KNN,日平均负荷,,,,,,,,,,,,,,15.0,distance
20,778.1203621916671,,KNN,日平均负荷,,,,,,,,,,,,,,12.0,distance
21,764.7085047349834,,KNN,日平均负荷,,,,,,,,,,,,,,7.0,distance
22,765.896777613139,,KNN,日平均负荷,,,,,,,,,,,,,,6.0,distance
23,764.7085047349834,,KNN,日平均负荷,,,,,,,,,,,,,,7.0,distance
24,797.5769654428882,,KNN,日平均负荷,,,,,,,,,,,,,,19.0,distance
25,776.9717604379047,,KNN,日平均负荷,,,,,,,,,,,,,,10.0,distance
26,774.7784592403855,,KNN,日平均负荷,,,,,,,,,,,,,,5.0,uniform
27,771.6199872977168,,KNN,日平均负荷,,,,,,,,,,,,,,8.0,distance
28,777.3181431157956,,KNN,日平均负荷,,,,,,,,,,,,,,11.0,distance
29,772.5535522990423,,KNN,日平均负荷,,,,,,,,,,,,,,3.0,uniform
30,787.0324084001614,,KNN,日平均负荷,,,,,,,,,,,,,,14.0,distance
31,764.7085047349834,,KNN,日平均负荷,,,,,,,,,,,,,,7.0,distance
32,764.9917008180424,,KNN,日平均负荷,,,,,,,,,,,,,,5.0,distance
33,771.6199872977168,,KNN,日平均负荷,,,,,,,,,,,,,,8.0,distance
34,769.861816992396,,KNN,日平均负荷,,,,,,,,,,,,,,4.0,distance
35,764.7085047349834,,KNN,日平均负荷,,,,,,,,,,,,,,7.0,distance
36,764.9917008180424,,KNN,日平均负荷,,,,,,,,,,,,,,5.0,distance
37,776.9717604379047,,KNN,日平均负荷,,,,,,,,,,,,,,10.0,distance
38,785.4106386539648,,KNN,日平均负荷,,,,,,,,,,,,,,8.0,uniform
39,770.0806511472127,,KNN,日平均负荷,,,,,,,,,,,,,,3.0,distance
40,815.4157863000386,,KNN,日平均负荷,,,,,,,,,,,,,,19.0,uniform
41,765.896777613139,,KNN,日平均负荷,,,,,,,,,,,,,,6.0,distance
42,764.7085047349834,,KNN,日平均负荷,,,,,,,,,,,,,,7.0,distance
43,776.4704315478731,,KNN,日平均负荷,,,,,,,,,,,,,,9.0,distance
44,777.3181431157956,,KNN,日平均负荷,,,,,,,,,,,,,,11.0,distance
45,769.861816992396,,KNN,日平均负荷,,,,,,,,,,,,,,4.0,distance
46,764.7085047349834,,KNN,日平均负荷,,,,,,,,,,,,,,7.0,distance
47,815.8072830329173,,KNN,日平均负荷,,,,,,,,,,,,,,30.0,distance
48,776.4704315478731,,KNN,日平均负荷,,,,,,,,,,,,,,9.0,distance
49,774.7784592403855,,KNN,日平均负荷,,,,,,,,,,,,,,5.0,uniform
0,941.5498477101875,78.48032575277603,Ridge,日最高负荷,,,,,,,,,,,,,,,
1,847.882775869727,3.592834701195424,Ridge,日最高负荷,,,,,,,,,,,,,,,
2,849.0874964644563,0.1309037743724553,Ridge,日最高负荷,,,,,,,,,,,,,,,
3,844.6482331008207,1.0875754029521925,Ridge,日最高负荷,,,,,,,,,,,,,,,
4,848.8061369001202,3.983620865963186,Ridge,日最高负荷,,,,,,,,,,,,,,,
5,847.7698739729917,3.543960596495156,Ridge,日最高负荷,,,,,,,,,,,,,,,
6,846.7367744600446,0.4274123881101726,Ridge,日最高负荷,,,,,,,,,,,,,,,
7,844.5135167946777,1.6117578393004302,Ridge,日最高负荷,,,,,,,,,,,,,,,
8,845.2775132192802,0.768971652161247,Ridge,日最高负荷,,,,,,,,,,,,,,,
9,870.2755925607844,13.34724702466201,Ridge,日最高负荷,,,,,,,,,,,,,,,
10,850.4346981944677,0.014394436074649325,Ridge,日最高负荷,,,,,,,,,,,,,,,
11,848.3923861458056,0.20276186742786598,Ridge,日最高负荷,,,,,,,,,,,,,,,
12,850.0336305703217,0.046476648107156925,Ridge,日最高负荷,,,,,,,,,,,,,,,
13,844.5336770980139,1.212084659979343,Ridge,日最高负荷,,,,,,,,,,,,,,,
14,867.8023269726376,12.12188051640643,Ridge,日最高负荷,,,,,,,,,,,,,,,
15,844.4722243150369,1.4896807718477696,Ridge,日最高负荷,,,,,,,,,,,,,,,
16,894.6592614100667,28.585565606645787,Ridge,日最高负荷,,,,,,,,,,,,,,,
17,848.3354939571228,0.2090947753092807,Ridge,日最高负荷,,,,,,,,,,,,,,,
18,845.2189343954404,2.269570301061571,Ridge,日最高负荷,,,,,,,,,,,,,,,
19,862.6912979598033,9.74237918271758,Ridge,日最高负荷,,,,,,,,,,,,,,,
20,849.6948089350893,0.07518992906145056,Ridge,日最高负荷,,,,,,,,,,,,,,,
21,844.5968263398336,1.1354401821539837,Ridge,日最高负荷,,,,,,,,,,,,,,,
22,846.4109246101438,0.48574845647955905,Ridge,日最高负荷,,,,,,,,,,,,,,,
23,844.5750063977213,1.7149947891586983,Ridge,日最高负荷,,,,,,,,,,,,,,,
24,854.783941350372,6.395189017107407,Ridge,日最高负荷,,,,,,,,,,,,,,,
25,846.0911713765169,0.5503423169507916,Ridge,日最高负荷,,,,,,,,,,,,,,,
26,844.5711176386873,1.7094231545506646,Ridge,日最高负荷,,,,,,,,,,,,,,,
27,885.9394961587855,22.41989570734169,Ridge,日最高负荷,,,,,,,,,,,,,,,
28,847.2394603945812,0.34859442448341765,Ridge,日最高负荷,,,,,,,,,,,,,,,
29,844.6646473321671,1.0739544871754183,Ridge,日最高负荷,,,,,,,,,,,,,,,
30,920.6812087068489,52.54428502148014,Ridge,日最高负荷,,,,,,,,,,,,,,,
31,845.7121685260073,2.5632314579034796,Ridge,日最高负荷,,,,,,,,,,,,,,,
32,852.1908424375451,5.3538285889208845,Ridge,日最高负荷,,,,,,,,,,,,,,,
33,844.4746573106073,1.5017393586624415,Ridge,日最高负荷,,,,,,,,,,,,,,,
34,845.0946277318008,0.8372360689429366,Ridge,日最高负荷,,,,,,,,,,,,,,,
35,844.7418558702522,1.9044011707981094,Ridge,日最高负荷,,,,,,,,,,,,,,,
36,848.9835422326869,4.057275549824516,Ridge,日最高负荷,,,,,,,,,,,,,,,
37,847.5573837951152,0.30422673830045577,Ridge,日最高负荷,,,,,,,,,,,,,,,
38,845.7199017228063,0.6377599621401151,Ridge,日最高负荷,,,,,,,,,,,,,,,
39,847.6032286437843,3.471268874513492,Ridge,日最高负荷,,,,,,,,,,,,,,,
40,844.4696473697237,1.3697939272355495,Ridge,日最高负荷,,,,,,,,,,,,,,,
41,844.4814864636281,1.3184413212168913,Ridge,日最高负荷,,,,,,,,,,,,,,,
42,857.2132380965592,7.388872297364353,Ridge,日最高负荷,,,,,,,,,,,,,,,
43,845.9752743063722,2.704360605609293,Ridge,日最高负荷,,,,,,,,,,,,,,,
44,844.5011357775297,1.2685244248967527,Ridge,日最高负荷,,,,,,,,,,,,,,,
45,845.1775057947121,0.8049149383091112,Ridge,日最高负荷,,,,,,,,,,,,,,,
46,848.1081562855119,0.23517821533152802,Ridge,日最高负荷,,,,,,,,,,,,,,,
47,849.3447629499797,0.10658595475058551,Ridge,日最高负荷,,,,,,,,,,,,,,,
48,844.5011701840326,1.2684523827973428,Ridge,日最高负荷,,,,,,,,,,,,,,,
49,848.9520398019109,4.044223284793136,Ridge,日最高负荷,,,,,,,,,,,,,,,
0,832.100339019686,,RandomForest,日最高负荷,272.0,22.0,7.0,17.0,,,,,,,,,,,
1,849.7074642590943,,RandomForest,日最高负荷,427.0,5.0,5.0,19.0,,,,,,,,,,,
2,817.6959770121322,,RandomForest,日最高负荷,414.0,19.0,2.0,13.0,,,,,,,,,,,
3,831.0801520142592,,RandomForest,日最高负荷,478.0,28.0,2.0,19.0,,,,,,,,,,,
4,830.7025919440435,,RandomForest,日最高负荷,330.0,11.0,8.0,7.0,,,,,,,,,,,
5,820.9106892203453,,RandomForest,日最高负荷,272.0,7.0,6.0,7.0,,,,,,,,,,,
6,828.2715143151937,,RandomForest,日最高负荷,387.0,11.0,6.0,17.0,,,,,,,,,,,
7,823.2041977147055,,RandomForest,日最高负荷,488.0,15.0,2.0,16.0,,,,,,,,,,,
8,810.8464607671358,,RandomForest,日最高负荷,143.0,16.0,4.0,8.0,,,,,,,,,,,
9,827.6877642620929,,RandomForest,日最高负荷,363.0,24.0,2.0,17.0,,,,,,,,,,,
10,849.3906679951184,,RandomForest,日最高负荷,109.0,29.0,10.0,3.0,,,,,,,,,,,
11,813.6981967462825,,RandomForest,日最高负荷,119.0,19.0,4.0,12.0,,,,,,,,,,,
12,814.0819407365606,,RandomForest,日最高负荷,102.0,17.0,5.0,11.0,,,,,,,,,,,
13,809.6647814200575,,RandomForest,日最高负荷,181.0,14.0,4.0,9.0,,,,,,,,,,,
14,811.390867839124,,RandomForest,日最高负荷,178.0,12.0,4.0,8.0,,,,,,,,,,,
15,813.6996895896159,,RandomForest,日最高负荷,195.0,14.0,4.0,4.0,,,,,,,,,,,
16,816.9525024060326,,RandomForest,日最高负荷,191.0,9.0,1.0,9.0,,,,,,,,,,,
17,810.4435759464695,,RandomForest,日最高负荷,249.0,23.0,3.0,5.0,,,,,,,,,,,
18,810.1792498861305,,RandomForest,日最高负荷,252.0,25.0,3.0,5.0,,,,,,,,,,,
19,838.5848122121561,,RandomForest,日最高负荷,239.0,27.0,9.0,2.0,,,,,,,,,,,
20,810.315383876894,,RandomForest,日最高负荷,299.0,21.0,1.0,5.0,,,,,,,,,,,
21,811.2019651865386,,RandomForest,日最高负荷,309.0,25.0,1.0,5.0,,,,,,,,,,,
22,810.6287540485155,,RandomForest,日最高负荷,228.0,20.0,3.0,6.0,,,,,,,,,,,
23,816.387235675284,,RandomForest,日最高负荷,301.0,26.0,3.0,10.0,,,,,,,,,,,
24,806.6266578733392,,RandomForest,日最高负荷,164.0,21.0,1.0,2.0,,,,,,,,,,,
25,811.994582272836,,RandomForest,日最高负荷,160.0,18.0,3.0,2.0,,,,,,,,,,,
26,824.1098041150109,,RandomForest,日最高负荷,210.0,30.0,5.0,14.0,,,,,,,,,,,
27,813.4616334533868,,RandomForest,日最高负荷,148.0,23.0,1.0,3.0,,,,,,,,,,,
28,808.4676546160939,,RandomForest,日最高负荷,217.0,13.0,2.0,4.0,,,,,,,,,,,
29,809.4723382369488,,RandomForest,日最高负荷,211.0,14.0,2.0,3.0,,,,,,,,,,,
30,816.1288385601847,,RandomForest,日最高负荷,208.0,9.0,2.0,3.0,,,,,,,,,,,
31,808.3504177927892,,RandomForest,日最高负荷,169.0,15.0,1.0,2.0,,,,,,,,,,,
32,809.3695070352115,,RandomForest,日最高负荷,158.0,12.0,1.0,2.0,,,,,,,,,,,
33,812.4178539308451,,RandomForest,日最高负荷,129.0,12.0,1.0,2.0,,,,,,,,,,,
34,811.5699374687191,,RandomForest,日最高负荷,169.0,9.0,1.0,2.0,,,,,,,,,,,
35,840.1626650159242,,RandomForest,日最高负荷,139.0,5.0,2.0,4.0,,,,,,,,,,,
36,812.3262347902559,,RandomForest,日最高负荷,267.0,16.0,1.0,4.0,,,,,,,,,,,
37,815.0334017913341,,RandomForest,日最高负荷,159.0,12.0,1.0,6.0,,,,,,,,,,,
38,815.7139252576308,,RandomForest,日最高负荷,230.0,7.0,2.0,4.0,,,,,,,,,,,
39,812.5088559397412,,RandomForest,日最高负荷,126.0,10.0,2.0,6.0,,,,,,,,,,,
40,833.3447637904601,,RandomForest,日最高负荷,448.0,13.0,2.0,20.0,,,,,,,,,,,
41,808.1920317979026,,RandomForest,日最高负荷,217.0,15.0,2.0,3.0,,,,,,,,,,,
42,811.3698142489725,,RandomForest,日最高负荷,201.0,17.0,1.0,2.0,,,,,,,,,,,
43,809.3102043889185,,RandomForest,日最高负荷,173.0,15.0,2.0,3.0,,,,,,,,,,,
44,809.6555182824274,,RandomForest,日最高负荷,222.0,16.0,3.0,3.0,,,,,,,,,,,
45,812.8252463217849,,RandomForest,日最高负荷,272.0,19.0,2.0,7.0,,,,,,,,,,,
46,809.524512853157,,RandomForest,日最高负荷,182.0,15.0,2.0,4.0,,,,,,,,,,,
47,811.6077724947949,,RandomForest,日最高负荷,175.0,21.0,3.0,3.0,,,,,,,,,,,
48,811.7036782216595,,RandomForest,日最高负荷,137.0,18.0,2.0,6.0,,,,,,,,,,,
49,828.7038077587889,,RandomForest,日最高负荷,193.0,14.0,7.0,4.0,,,,,,,,,,,
0,880.5315203697027,,XGBoost,日最高负荷,686.0,7.0,,,0.1768816500170467,0.602920387597627,0.8563744758273506,9.0,0.12866724000377983,0.00018749892600402978,,,,,
1,823.539863339235,,XGBoost,日最高负荷,758.0,5.0,,,0.027229053154993448,0.8730323164505113,0.8825144181108908,1.0,0.05258896597222223,0.003447234135020837,,,,,
2,824.6355669546947,,XGBoost,日最高负荷,291.0,11.0,,,0.041860000375045205,0.557584395287065,0.9381185680400267,2.0,0.060877352310950546,5.083447522714529e-05,,,,,
3,803.7821999364428,,XGBoost,日最高负荷,375.0,4.0,,,0.010967229071778618,0.8256106587947936,0.7835120066641077,8.0,0.00010289057256665853,0.0007611386110181863,,,,,
4,923.0980681590972,,XGBoost,日最高负荷,280.0,12.0,,,0.0659967460765572,0.9747529127811486,0.6816623493544854,1.0,4.135013894828919e-05,0.20421782436630745,,,,,
5,888.2785710817052,,XGBoost,日最高负荷,352.0,11.0,,,0.2802606119143792,0.58393057546544,0.781358825874715,5.0,0.010112673580162235,0.2895918946473731,,,,,
6,820.1157609212214,,XGBoost,日最高负荷,587.0,10.0,,,0.03607935879204055,0.8768602614362052,0.8233006916597789,3.0,0.19231359072601056,7.72504561517082e-05,,,,,
7,794.0076901226903,,XGBoost,日最高负荷,464.0,3.0,,,0.018023943492789542,0.7141459324312411,0.935670012511237,3.0,0.04060212326179036,0.019886365728930978,,,,,
8,802.7243216986111,,XGBoost,日最高负荷,217.0,11.0,,,0.019434422500224546,0.5046563383373704,0.9747528867951182,7.0,0.00014634008974729685,1.9261024780078276e-05,,,,,
9,818.2320083261743,,XGBoost,日最高负荷,588.0,3.0,,,0.029867126643296625,0.8518901579312095,0.6761791140756975,4.0,7.960747438595912e-05,1.050775860667374e-05,,,,,
10,857.1095432906122,,XGBoost,日最高负荷,100.0,8.0,,,0.11696198100912257,0.7053686503526037,0.5010395426457659,6.0,0.002401839555290767,0.023712126324552576,,,,,
11,844.8156838769505,,XGBoost,日最高负荷,155.0,7.0,,,0.01355886658060955,0.6991587004446691,0.9824706083096496,7.0,0.0015000826938700359,0.011002214189121423,,,,,
12,855.3363499845773,,XGBoost,日最高负荷,470.0,8.0,,,0.01849325344541541,0.5059473588730293,0.9995739943999226,10.0,0.9240959893016272,0.050239780465053355,,,,,
13,802.1259317212039,,XGBoost,日最高负荷,480.0,5.0,,,0.018670032673801688,0.6916398139903214,0.9275180666750912,5.0,1.0498732665216633e-05,0.002020236835935439,,,,,
14,783.2569739180145,,XGBoost,日最高负荷,473.0,5.0,,,0.05930272586671679,0.7072221591585556,0.9141822747975238,4.0,1.5845239790673556e-05,0.0018258635842308764,,,,,
15,824.1843326927334,,XGBoost,日最高负荷,482.0,3.0,,,0.06587334645311171,0.769310841417567,0.8990748601645985,3.0,0.001099173755979698,0.00043355474916278937,,,,,
16,843.0339752699401,,XGBoost,日最高负荷,551.0,5.0,,,0.06764526688314228,0.6504668999680465,0.7435264917411831,3.0,0.011430802206299794,0.9111795795039075,,,,,
17,804.5636781648037,,XGBoost,日最高负荷,365.0,4.0,,,0.11772375256598541,0.7727564382557423,0.84649474135972,5.0,0.00042111111693248334,0.005053063477370315,,,,,
18,862.9452388835707,,XGBoost,日最高负荷,652.0,6.0,,,0.04866205912299034,0.7333010252786357,0.5070850663370419,4.0,1.2346800421922387e-05,0.056175069309001575,,,,,
19,801.6550391308825,,XGBoost,日最高负荷,417.0,3.0,,,0.1078082988982022,0.6454299394741206,0.9219200640326876,2.0,0.011272984729603891,0.0009774013402008733,,,,,
20,808.7186964795856,,XGBoost,日最高负荷,546.0,4.0,,,0.2784106355514834,0.9324500227189573,0.5760537303268135,4.0,0.000549602074755694,0.012448683615041796,,,,,
21,799.0659120588103,,XGBoost,日最高负荷,446.0,3.0,,,0.10796953085609423,0.6329984515510462,0.9248140752218227,2.0,0.011046713253689841,0.0010842879439627285,,,,,
22,806.1007606379138,,XGBoost,日最高负荷,423.0,4.0,,,0.09546455559305411,0.6417555596319826,0.9350946400060335,2.0,0.8595044947686074,0.0003052635266102488,,,,,
23,803.0606410585797,,XGBoost,日最高负荷,510.0,3.0,,,0.08373340080835534,0.7727570158013446,0.865662260499469,3.0,0.005024989884600674,0.0013780573376172877,,,,,
24,837.9770540773449,,XGBoost,日最高负荷,417.0,6.0,,,0.18973050086253906,0.7403156321475952,0.9582762600835241,1.0,0.034282912675697795,0.006238113667201294,,,,,
25,841.910528434621,,XGBoost,日最高负荷,304.0,5.0,,,0.1610162191095183,0.6718812172653356,0.8112752585359717,2.0,0.22725390806564638,0.035063528307765185,,,,,
26,792.2746875440156,,XGBoost,日最高负荷,644.0,4.0,,,0.052451581529195,0.5973479473356259,0.8989392038833701,4.0,0.026317261805919926,0.0023971076480765216,,,,,
27,816.0864768460864,,XGBoost,日最高负荷,678.0,6.0,,,0.052976542397948516,0.5534529417774144,0.8914361999738181,6.0,0.00030614429117981713,0.013920173229333576,,,,,
28,809.2959171730162,,XGBoost,日最高负荷,777.0,4.0,,,0.024153180221696338,0.8141058876727088,0.7198161473988756,4.0,0.0329401246880432,0.13863068826980868,,,,,
29,814.506068236706,,XGBoost,日最高负荷,718.0,7.0,,,0.0329895469298146,0.5623611441630709,0.8523689984816485,6.0,0.003486417921517513,0.00016247763393170624,,,,,
30,787.3430053644094,,XGBoost,日最高负荷,609.0,6.0,,,0.014423877179575842,0.609594368366364,0.8251910753052223,5.0,0.33923397718900766,0.002736446599527706,,,,,
31,784.8770657575639,,XGBoost,日最高负荷,628.0,6.0,,,0.010087338960648482,0.6056762392308518,0.8271289258330111,5.0,0.33150090410524446,0.002598749678602863,,,,,
32,784.3958662956071,,XGBoost,日最高负荷,625.0,6.0,,,0.010871935875956402,0.6073251498967852,0.8183219548035786,5.0,0.3288090946728596,0.00301888503818416,,,,,
33,792.1443425255485,,XGBoost,日最高负荷,738.0,8.0,,,0.010183321764989558,0.6132848159010429,0.8036831752991658,5.0,0.4033028341744057,0.00408747048619921,,,,,
34,806.4713922914663,,XGBoost,日最高负荷,617.0,6.0,,,0.01352180650793287,0.5411776020694482,0.7534631172785343,6.0,0.1409801737866711,0.0006085348969904269,,,,,
35,787.2163310892207,,XGBoost,日最高负荷,700.0,7.0,,,0.013551740234716106,0.6113902971944531,0.851262320071174,5.0,0.38688267778853785,0.00019805536152091988,,,,,
36,786.062905010909,,XGBoost,日最高负荷,686.0,9.0,,,0.01222518737376587,0.6677972242329017,0.7730730009079001,7.0,0.08897465238502737,0.00017991608907829594,,,,,
37,796.0383882068239,,XGBoost,日最高负荷,786.0,9.0,,,0.011258695144347637,0.6716964690669149,0.6990961755424817,8.0,0.10974005257896252,9.129696638301884e-05,,,,,
38,813.3278786394241,,XGBoost,日最高负荷,539.0,9.0,,,0.022873010677840526,0.5701626720029731,0.7746554680764826,7.0,0.08576437890400475,5.449463772460852e-05,,,,,
39,825.8893390924983,,XGBoost,日最高负荷,672.0,12.0,,,0.011427539253312195,0.5354096415240915,0.6602227813275109,8.0,3.444520852884197e-05,0.006929300653532723,,,,,
40,827.4137937158753,,XGBoost,日最高负荷,741.0,10.0,,,0.01591825378348337,0.6779340571460052,0.6387231674890463,9.0,0.07419798529492222,3.0663084172286844e-05,,,,,
41,791.5720368397701,,XGBoost,日最高负荷,699.0,7.0,,,0.01287861159112964,0.6245252241502647,0.792325830810513,5.0,0.4728058567743117,0.00018187841956891301,,,,,
42,783.9269420595624,,XGBoost,日最高负荷,636.0,5.0,,,0.010266956153553566,0.5849922603073148,0.8372107296137914,7.0,0.5468797778039587,0.0003249869098121119,,,,,
43,814.0658457933156,,XGBoost,日最高负荷,581.0,5.0,,,0.010000739743621636,0.5929212475444482,0.8292632188092414,9.0,0.1751184085238207,0.0006119155872939413,,,,,
44,809.6452578888028,,XGBoost,日最高负荷,639.0,5.0,,,0.01622403277639489,0.5855383022114774,0.7602665373688834,7.0,0.6648975944398091,0.0016815883836363889,,,,,
45,794.379007585596,,XGBoost,日最高负荷,581.0,9.0,,,0.022766654545009903,0.732292345430453,0.8707254392290162,6.0,0.2203107891585793,0.00029634149393668153,,,,,
46,796.3324361253684,,XGBoost,日最高负荷,612.0,6.0,,,0.011972922175157776,0.5241597569357397,0.7262707124675439,7.0,0.5951949553694095,0.00013295948939958652,,,,,
47,818.7844113059258,,XGBoost,日最高负荷,513.0,10.0,,,0.01566593657743195,0.66313932895915,0.7832319385122196,9.0,0.020351637852374947,0.00044471050621879585,,,,,
48,815.5756310304649,,XGBoost,日最高负荷,753.0,5.0,,,0.020845535023436054,0.7083919975879082,0.831316266952242,8.0,0.0655147445880814,0.0007900495385183837,,,,,
49,849.4031708718038,,XGBoost,日最高负荷,331.0,8.0,,,0.027191851279113815,0.6539668868998425,0.8021177086135298,10.0,0.28905165136909255,0.00398415600494087,,,,,
0,1903.1678253794523,,SVR,日最高负荷,,,,,,,,,,,0.4073499496038175,0.005952311372503419,0.2907418404466727,,
1,1812.0270298135085,,SVR,日最高负荷,,,,,,,,,,,56.34771183442744,0.29775610046905415,0.35772368982293984,,
2,1901.090203126557,,SVR,日最高负荷,,,,,,,,,,,7.401501398930262,0.0003128596643889528,0.32819466785765483,,
3,1695.9447963625,,SVR,日最高负荷,,,,,,,,,,,8.10648488710898,0.013439347123454348,0.39794261334906855,,
4,1910.1585002340155,,SVR,日最高负荷,,,,,,,,,,,1.6567648961703376,0.9343236597660164,0.1561590757075837,,
5,1598.736545702278,,SVR,日最高负荷,,,,,,,,,,,14.656302654269254,0.009667490198539814,0.4438659201751249,,
6,1907.9962736361613,,SVR,日最高负荷,,,,,,,,,,,0.48101841788290933,0.1624903331243546,0.36347906799846436,,
7,1910.198301072602,,SVR,日最高负荷,,,,,,,,,,,1.2036091012869445,0.8662367900938919,0.12065494270196003,,
8,1324.0286145373684,,SVR,日最高负荷,,,,,,,,,,,43.8696445770336,0.02500703253395286,0.37438402687746314,,
9,1898.4404234355736,,SVR,日最高负荷,,,,,,,,,,,0.6543838766030332,0.05995736036250596,0.4512436313503679,,
10,1793.2837169992579,,SVR,日最高负荷,,,,,,,,,,,68.28579521510234,0.00040402560044192325,0.020128599231734712,,
11,1652.2405841664324,,SVR,日最高负荷,,,,,,,,,,,16.799500792677144,0.005082462545932163,0.49731869928127836,,
12,1489.4775368429234,,SVR,日最高负荷,,,,,,,,,,,19.17318133358104,0.023917689558878557,0.2628552433230991,,
13,1384.4684929137518,,SVR,日最高负荷,,,,,,,,,,,43.825746695012626,0.04860680161023601,0.23924557310752598,,
14,1531.6112431379952,,SVR,日最高负荷,,,,,,,,,,,95.90082554973972,0.0011874846844954967,0.2146039902978959,,
15,1908.2409727963561,,SVR,日最高负荷,,,,,,,,,,,0.11568941889425484,0.06055496247080864,0.2137317463032544,,
16,1698.614157305073,,SVR,日最高负荷,,,,,,,,,,,35.73539780067267,0.001584050968810893,0.07196051645097765,,
17,1805.8816585014683,,SVR,日最高负荷,,,,,,,,,,,4.134048930617091,0.0432144549701385,0.24467076792145487,,
18,1662.4907687288014,,SVR,日最高负荷,,,,,,,,,,,33.91038570589623,0.12458255073786029,0.1656906884747564,,
19,1605.7036990555046,,SVR,日最高负荷,,,,,,,,,,,37.288403363051565,0.00243299394112321,0.29863001234669656,,
20,1805.7637487287466,,SVR,日最高负荷,,,,,,,,,,,3.4675272387732954,0.02434840243899411,0.42330981626927855,,
21,1496.1044433484174,,SVR,日最高负荷,,,,,,,,,,,18.313035129975383,0.020104221936903248,0.26864021831448703,,
22,1447.1041159543156,,SVR,日最高负荷,,,,,,,,,,,24.959561323533727,0.029821480802985925,0.23606677423285471,,
23,1896.6696993849212,,SVR,日最高负荷,,,,,,,,,,,31.164413374419585,0.00010854714025068839,0.19857232251093304,,
24,1843.5534733996494,,SVR,日最高负荷,,,,,,,,,,,8.838185298151464,0.13026997657037906,0.32597906961054324,,
25,1779.9283569280221,,SVR,日最高负荷,,,,,,,,,,,97.91209205415858,0.33641707581270713,0.11458213104225952,,
26,1343.3418592301105,,SVR,日最高负荷,,,,,,,,,,,52.12816753144047,0.044371359361488685,0.37896565138170724,,
27,1458.6809040677153,,SVR,日最高负荷,,,,,,,,,,,52.45830555640742,0.0818077158677114,0.49891052997912766,,
28,1362.393639530834,,SVR,日最高负荷,,,,,,,,,,,51.885587463155275,0.005824075007968686,0.37632283735209276,,
29,1744.5468476876379,,SVR,日最高负荷,,,,,,,,,,,11.241015629580977,0.004538565324084636,0.3914318155890845,,
30,1263.7501400509816,,SVR,日最高负荷,,,,,,,,,,,72.87566300056234,0.009379005545779319,0.3091087708094694,,
31,1282.189972583573,,SVR,日最高负荷,,,,,,,,,,,69.06880596998715,0.008021284045884716,0.3302233268600211,,
32,1254.3348098295398,,SVR,日最高负荷,,,,,,,,,,,74.2360422988384,0.011232293696599914,0.3160763921702821,,
33,1248.0706685328523,,SVR,日最高负荷,,,,,,,,,,,76.32355246599293,0.011891701675528261,0.3305501022586839,,
34,1256.5589170853586,,SVR,日最高负荷,,,,,,,,,,,75.44437910819522,0.010031924298917132,0.33090668057163314,,
35,1344.8187014512498,,SVR,日最高负荷,,,,,,,,,,,90.97329998737055,0.0030771750008614976,0.30190712817469845,,
36,1442.3878424549373,,SVR,日最高负荷,,,,,,,,,,,25.35597261941133,0.012284411905796105,0.3322973479752655,,
37,1257.3965280812106,,SVR,日最高负荷,,,,,,,,,,,66.95676351056524,0.014573084644637952,0.2833938671562671,,
38,1257.679124798086,,SVR,日最高负荷,,,,,,,,,,,67.7100214984533,0.01360226350389757,0.2730043476791245,,
39,1829.7693272421868,,SVR,日最高负荷,,,,,,,,,,,22.955309583502245,0.0008525760885112117,0.3546197796047088,,
40,1325.003604243963,,SVR,日最高负荷,,,,,,,,,,,96.32130122716613,0.0033576682594085266,0.42399107153922505,,
41,1263.0110042132587,,SVR,日最高负荷,,,,,,,,,,,62.50655767827912,0.019042534422285394,0.28384596587364286,,
42,1265.4436974871187,,SVR,日最高负荷,,,,,,,,,,,67.45241240793068,0.011327975607078941,0.3530661502379743,,
43,1375.666283060111,,SVR,日最高负荷,,,,,,,,,,,42.16747053419286,0.007569847747724024,0.2733571825332831,,
44,1410.3343248731264,,SVR,日最高负荷,,,,,,,,,,,27.50263151345938,0.0161125691330703,0.31666562029353285,,
45,1609.1928853435293,,SVR,日最高负荷,,,,,,,,,,,12.278885160391814,0.032376180593183534,0.3386027246352043,,
46,1252.255820002534,,SVR,日最高负荷,,,,,,,,,,,69.97584800721106,0.014739963261677928,0.2599646164125204,,
47,1447.9534180936926,,SVR,日最高负荷,,,,,,,,,,,43.35097331928777,0.004398248118190909,0.25391379064453606,,
48,1257.256830880935,,SVR,日最高负荷,,,,,,,,,,,80.02501609598596,0.00856696448309334,0.4032763272807655,,
49,1388.7062887752727,,SVR,日最高负荷,,,,,,,,,,,99.26815390050871,0.0021674977923261743,0.4650760235525189,,
0,1076.5801891630333,,KNN,日最高负荷,,,,,,,,,,,,,,19.0,uniform
1,1029.788741014625,,KNN,日最高负荷,,,,,,,,,,,,,,14.0,distance
2,1069.0687852624048,,KNN,日最高负荷,,,,,,,,,,,,,,26.0,distance
3,1078.6097555715544,,KNN,日最高负荷,,,,,,,,,,,,,,20.0,uniform
4,1056.3761778958783,,KNN,日最高负荷,,,,,,,,,,,,,,16.0,uniform
5,1011.6635230455432,,KNN,日最高负荷,,,,,,,,,,,,,,8.0,distance
6,1048.0134138849971,,KNN,日最高负荷,,,,,,,,,,,,,,18.0,distance
7,1103.3328994189055,,KNN,日最高负荷,,,,,,,,,,,,,,28.0,uniform
8,1033.9139490568411,,KNN,日最高负荷,,,,,,,,,,,,,,16.0,distance
9,1073.8067411535505,,KNN,日最高负荷,,,,,,,,,,,,,,27.0,distance
10,1013.7454748969982,,KNN,日最高负荷,,,,,,,,,,,,,,3.0,distance
11,1013.7454748969982,,KNN,日最高负荷,,,,,,,,,,,,,,3.0,distance
12,995.6302211210741,,KNN,日最高负荷,,,,,,,,,,,,,,4.0,distance
13,1011.6635230455432,,KNN,日最高负荷,,,,,,,,,,,,,,8.0,distance
14,1017.4727414439585,,KNN,日最高负荷,,,,,,,,,,,,,,9.0,distance
15,1011.6635230455432,,KNN,日最高负荷,,,,,,,,,,,,,,8.0,distance
16,1027.654022229642,,KNN,日最高负荷,,,,,,,,,,,,,,12.0,distance
17,995.867797086209,,KNN,日最高负荷,,,,,,,,,,,,,,6.0,distance
18,997.792254540785,,KNN,日最高负荷,,,,,,,,,,,,,,5.0,uniform
19,1023.7057622976995,,KNN,日最高负荷,,,,,,,,,,,,,,11.0,distance
20,986.6433119135469,,KNN,日最高负荷,,,,,,,,,,,,,,5.0,distance
21,995.867797086209,,KNN,日最高负荷,,,,,,,,,,,,,,6.0,distance
22,986.6433119135469,,KNN,日最高负荷,,,,,,,,,,,,,,5.0,distance
23,1013.7454748969982,,KNN,日最高负荷,,,,,,,,,,,,,,3.0,distance
24,986.6433119135469,,KNN,日最高负荷,,,,,,,,,,,,,,5.0,distance
25,1023.7057622976995,,KNN,日最高负荷,,,,,,,,,,,,,,11.0,distance
26,1018.9464071083429,,KNN,日最高负荷,,,,,,,,,,,,,,7.0,uniform
27,1026.120575402341,,KNN,日最高负荷,,,,,,,,,,,,,,10.0,distance
28,986.6433119135469,,KNN,日最高负荷,,,,,,,,,,,,,,5.0,distance
29,1010.617111434392,,KNN,日最高负荷,,,,,,,,,,,,,,6.0,uniform
30,1029.0648944245588,,KNN,日最高负荷,,,,,,,,,,,,,,13.0,distance
31,986.6433119135469,,KNN,日最高负荷,,,,,,,,,,,,,,5.0,distance
32,986.6433119135469,,KNN,日最高负荷,,,,,,,,,,,,,,5.0,distance
33,1017.4727414439585,,KNN,日最高负荷,,,,,,,,,,,,,,9.0,distance
34,1002.3136948815157,,KNN,日最高负荷,,,,,,,,,,,,,,7.0,distance
35,1064.5277189143028,,KNN,日最高负荷,,,,,,,,,,,,,,24.0,distance
36,1005.3575666773486,,KNN,日最高负荷,,,,,,,,,,,,,,4.0,uniform
37,1002.3136948815157,,KNN,日最高负荷,,,,,,,,,,,,,,7.0,distance
38,1017.4727414439585,,KNN,日最高负荷,,,,,,,,,,,,,,9.0,distance
39,1053.854064627056,,KNN,日最高负荷,,,,,,,,,,,,,,15.0,uniform
40,1061.422482904212,,KNN,日最高负荷,,,,,,,,,,,,,,22.0,distance
41,986.6433119135469,,KNN,日最高负荷,,,,,,,,,,,,,,5.0,distance
42,995.6302211210741,,KNN,日最高负荷,,,,,,,,,,,,,,4.0,distance
43,1013.7454748969982,,KNN,日最高负荷,,,,,,,,,,,,,,3.0,distance
44,986.6433119135469,,KNN,日最高负荷,,,,,,,,,,,,,,5.0,distance
45,1002.3136948815157,,KNN,日最高负荷,,,,,,,,,,,,,,7.0,distance
46,995.6302211210741,,KNN,日最高负荷,,,,,,,,,,,,,,4.0,distance
47,1011.6635230455432,,KNN,日最高负荷,,,,,,,,,,,,,,8.0,distance
48,995.867797086209,,KNN,日最高负荷,,,,,,,,,,,,,,6.0,distance
49,1026.120575402341,,KNN,日最高负荷,,,,,,,,,,,,,,10.0,distance
0,464.1381640018073,37.26753930875873,Ridge,日最低负荷,,,,,,,,,,,,,,,
1,449.5317531637908,0.556962225934514,Ridge,日最低负荷,,,,,,,,,,,,,,,
2,462.1617885320181,32.81654726977677,Ridge,日最低负荷,,,,,,,,,,,,,,,
3,451.87880636875684,0.0188928083757169,Ridge,日最低负荷,,,,,,,,,,,,,,,
4,464.32826728709875,37.70248262781873,Ridge,日最低负荷,,,,,,,,,,,,,,,
5,468.3207737212844,47.08793660909111,Ridge,日最低负荷,,,,,,,,,,,,,,,
6,451.75035801331313,0.03973927023757894,Ridge,日最低负荷,,,,,,,,,,,,,,,
7,457.97415513122115,23.86209738839649,Ridge,日最低负荷,,,,,,,,,,,,,,,
8,450.21115242489094,0.3564421745952839,Ridge,日最低负荷,,,,,,,,,,,,,,,
9,462.6314394755819,33.86220222102999,Ridge,日最低负荷,,,,,,,,,,,,,,,
10,447.5868812467691,1.9919949424462364,Ridge,日最低负荷,,,,,,,,,,,,,,,
11,447.74956125889616,1.6940153266232514,Ridge,日最低负荷,,,,,,,,,,,,,,,
12,447.438652443786,2.7544680930827274,Ridge,日最低负荷,,,,,,,,,,,,,,,
13,447.58835870543345,3.768093238964253,Ridge,日最低负荷,,,,,,,,,,,,,,,
14,447.71049095090626,4.168308733682877,Ridge,日最低负荷,,,,,,,,,,,,,,,
15,451.1320751279345,0.15031200240017623,Ridge,日最低负荷,,,,,,,,,,,,,,,
16,449.49764256084813,7.89385514429237,Ridge,日最低负荷,,,,,,,,,,,,,,,
17,448.2849377351526,1.1586437023524994,Ridge,日最低负荷,,,,,,,,,,,,,,,
18,451.3695974263464,0.10567413301198866,Ridge,日最低负荷,,,,,,,,,,,,,,,
19,449.1001524304564,7.1605690721369415,Ridge,日最低负荷,,,,,,,,,,,,,,,
20,448.1856908687542,1.233619791851563,Ridge,日最低负荷,,,,,,,,,,,,,,,
21,447.50001283255733,3.3857510031933216,Ridge,日最低负荷,,,,,,,,,,,,,,,
22,452.14181131468973,12.634827034098262,Ridge,日最低负荷,,,,,,,,,,,,,,,
23,447.43861424533867,2.7954819596771685,Ridge,日最低负荷,,,,,,,,,,,,,,,
24,449.67847054881594,0.5089526654576761,Ridge,日最低负荷,,,,,,,,,,,,,,,
25,485.16266348341446,91.17406232991402,Ridge,日最低负荷,,,,,,,,,,,,,,,
26,447.48624256238327,3.3085391994659075,Ridge,日最低负荷,,,,,,,,,,,,,,,
27,453.34464004765033,14.832696314998305,Ridge,日最低负荷,,,,,,,,,,,,,,,
28,448.9703992892202,0.7740713172503536,Ridge,日最低负荷,,,,,,,,,,,,,,,
29,450.734540360669,0.2321113215050037,Ridge,日最低负荷,,,,,,,,,,,,,,,
30,447.4386169621509,2.7588945934391322,Ridge,日最低负荷,,,,,,,,,,,,,,,
31,447.43856471369236,2.768961502690699,Ridge,日最低负荷,,,,,,,,,,,,,,,
32,449.04065042827614,7.049043143244795,Ridge,日最低负荷,,,,,,,,,,,,,,,
33,447.5262683149935,2.157896448078857,Ridge,日最低负荷,,,,,,,,,,,,,,,
34,449.11692519450554,0.7113730028511946,Ridge,日最低负荷,,,,,,,,,,,,,,,
35,448.0804786460106,5.108789588303974,Ridge,日最低负荷,,,,,,,,,,,,,,,
36,452.91171714919074,14.035617377602998,Ridge,日最低负荷,,,,,,,,,,,,,,,
37,447.4840814915722,2.320306623707088,Ridge,日最低负荷,,,,,,,,,,,,,,,
38,448.36670807714194,1.1017910353432492,Ridge,日最低负荷,,,,,,,,,,,,,,,
39,450.2411409213305,0.3487159386300935,Ridge,日最低负荷,,,,,,,,,,,,,,,
40,450.4283313158065,9.568051217734256,Ridge,日最低负荷,,,,,,,,,,,,,,,
41,447.44930779200985,2.5480107895230875,Ridge,日最低负荷,,,,,,,,,,,,,,,
42,447.4754942234851,2.363129282412109,Ridge,日最低负荷,,,,,,,,,,,,,,,
43,448.16636758275735,5.300784945058961,Ridge,日最低负荷,,,,,,,,,,,,,,,
44,447.9352336902837,1.462869294011215,Ridge,日最低负荷,,,,,,,,,,,,,,,
45,451.92276801871384,0.011907426908948622,Ridge,日最低负荷,,,,,,,,,,,,,,,
46,447.45144026062763,2.527023705641783,Ridge,日最低负荷,,,,,,,,,,,,,,,
47,458.5839355003166,25.121932409372935,Ridge,日最低负荷,,,,,,,,,,,,,,,
48,449.07892083234424,0.7271643376075825,Ridge,日最低负荷,,,,,,,,,,,,,,,
49,448.0099521207133,4.945944905949152,Ridge,日最低负荷,,,,,,,,,,,,,,,
0,402.23703965182114,,RandomForest,日最低负荷,129.0,19.0,1.0,7.0,,,,,,,,,,,
1,396.0283741415729,,RandomForest,日最低负荷,275.0,25.0,5.0,18.0,,,,,,,,,,,
2,392.42627282432073,,RandomForest,日最低负荷,344.0,17.0,2.0,5.0,,,,,,,,,,,
3,396.95164752959505,,RandomForest,日最低负荷,497.0,11.0,5.0,19.0,,,,,,,,,,,
4,391.8967920663802,,RandomForest,日最低负荷,466.0,18.0,6.0,12.0,,,,,,,,,,,
5,397.3689006836756,,RandomForest,日最低负荷,283.0,30.0,1.0,19.0,,,,,,,,,,,
6,393.1027232605746,,RandomForest,日最低负荷,177.0,22.0,4.0,4.0,,,,,,,,,,,
7,395.66417937412604,,RandomForest,日最低负荷,286.0,18.0,1.0,6.0,,,,,,,,,,,
8,396.1836266208018,,RandomForest,日最低负荷,293.0,10.0,6.0,17.0,,,,,,,,,,,
9,396.3996970840487,,RandomForest,日最低负荷,171.0,11.0,5.0,15.0,,,,,,,,,,,
10,402.24009413765356,,RandomForest,日最低负荷,493.0,7.0,10.0,11.0,,,,,,,,,,,
11,396.6036634829862,,RandomForest,日最低负荷,409.0,16.0,8.0,11.0,,,,,,,,,,,
12,391.69497567947974,,RandomForest,日最低负荷,394.0,15.0,3.0,11.0,,,,,,,,,,,
13,390.6880653713799,,RandomForest,日最低负荷,419.0,13.0,3.0,11.0,,,,,,,,,,,
14,392.13550427513337,,RandomForest,日最低负荷,403.0,14.0,3.0,9.0,,,,,,,,,,,
15,404.6090075468548,,RandomForest,日最低负荷,409.0,5.0,3.0,15.0,,,,,,,,,,,
16,392.9856232780333,,RandomForest,日最低负荷,365.0,23.0,3.0,13.0,,,,,,,,,,,
17,394.6375618947318,,RandomForest,日最低负荷,342.0,14.0,7.0,2.0,,,,,,,,,,,
18,390.968113311495,,RandomForest,日最低负荷,446.0,8.0,4.0,9.0,,,,,,,,,,,
19,391.37617491158034,,RandomForest,日最低负荷,446.0,8.0,4.0,8.0,,,,,,,,,,,
20,404.29519044520913,,RandomForest,日最低负荷,444.0,5.0,9.0,9.0,,,,,,,,,,,
21,391.6333741261432,,RandomForest,日最低负荷,456.0,8.0,4.0,8.0,,,,,,,,,,,
22,390.32901336510895,,RandomForest,日最低负荷,437.0,9.0,4.0,9.0,,,,,,,,,,,
23,393.46300951014564,,RandomForest,日最低负荷,373.0,12.0,2.0,14.0,,,,,,,,,,,
24,393.18794150202683,,RandomForest,日最低负荷,433.0,8.0,2.0,10.0,,,,,,,,,,,
25,391.564209239995,,RandomForest,日最低负荷,314.0,13.0,4.0,13.0,,,,,,,,,,,
26,391.87202783382577,,RandomForest,日最低负荷,479.0,10.0,6.0,7.0,,,,,,,,,,,
27,394.9044775684916,,RandomForest,日最低负荷,428.0,6.0,4.0,3.0,,,,,,,,,,,
28,391.2532382845521,,RandomForest,日最低负荷,244.0,9.0,5.0,9.0,,,,,,,,,,,
29,393.6014674215873,,RandomForest,日最低负荷,387.0,11.0,2.0,6.0,,,,,,,,,,,
30,394.8015610424239,,RandomForest,日最低负荷,357.0,13.0,7.0,7.0,,,,,,,,,,,
31,391.41446287958735,,RandomForest,日最低负荷,248.0,9.0,5.0,9.0,,,,,,,,,,,
32,393.4198115703368,,RandomForest,日最低负荷,112.0,7.0,5.0,10.0,,,,,,,,,,,
33,394.2959483947661,,RandomForest,日最低负荷,217.0,9.0,3.0,10.0,,,,,,,,,,,
34,391.24154914214745,,RandomForest,日最低负荷,325.0,12.0,6.0,12.0,,,,,,,,,,,
35,393.8445566021594,,RandomForest,日最低负荷,314.0,16.0,7.0,12.0,,,,,,,,,,,
36,394.4567422296897,,RandomForest,日最低负荷,337.0,12.0,6.0,16.0,,,,,,,,,,,
37,393.9920125674459,,RandomForest,日最低负荷,477.0,21.0,1.0,12.0,,,,,,,,,,,
38,390.9527290542619,,RandomForest,日最低负荷,417.0,19.0,4.0,13.0,,,,,,,,,,,
39,391.8348002529217,,RandomForest,日最低负荷,423.0,20.0,4.0,14.0,,,,,,,,,,,
40,392.74023713695834,,RandomForest,日最低负荷,457.0,25.0,3.0,5.0,,,,,,,,,,,
41,392.10720293402386,,RandomForest,日最低负荷,381.0,26.0,6.0,13.0,,,,,,,,,,,
42,389.53631440779014,,RandomForest,日最低负荷,420.0,18.0,4.0,11.0,,,,,,,,,,,
43,390.5691444343283,,RandomForest,日最低负荷,432.0,18.0,4.0,8.0,,,,,,,,,,,
44,397.18089029464363,,RandomForest,日最低负荷,416.0,18.0,5.0,20.0,,,,,,,,,,,
45,391.31033753120136,,RandomForest,日最低负荷,499.0,19.0,3.0,11.0,,,,,,,,,,,
46,390.048467049928,,RandomForest,日最低负荷,397.0,17.0,5.0,8.0,,,,,,,,,,,
47,389.9970420715669,,RandomForest,日最低负荷,474.0,16.0,5.0,6.0,,,,,,,,,,,
48,390.0352027339471,,RandomForest,日最低负荷,475.0,16.0,5.0,5.0,,,,,,,,,,,
49,390.18631428912863,,RandomForest,日最低负荷,473.0,16.0,5.0,5.0,,,,,,,,,,,
0,410.2547607499317,,XGBoost,日最低负荷,314.0,5.0,,,0.02096917027067157,0.6360962990960535,0.7695354385932142,4.0,0.002988812516758551,0.41688071046927033,,,,,
1,404.7693010737609,,XGBoost,日最低负荷,278.0,3.0,,,0.05582672832643384,0.8174326843971035,0.7231323683055324,9.0,0.2929943858567936,0.0024502279269203856,,,,,
2,399.10254193501964,,XGBoost,日最低负荷,171.0,12.0,,,0.1072453968417456,0.7787672310788654,0.7224955416328984,7.0,0.0014092687031311444,0.00028463942384604794,,,,,
3,439.1159515180256,,XGBoost,日最低负荷,471.0,10.0,,,0.023757859286509142,0.6603705196021716,0.895723152789317,1.0,0.000383576565825747,0.0044366468858453925,,,,,
4,415.206684939026,,XGBoost,日最低负荷,239.0,10.0,,,0.1524638230185789,0.6127552775310311,0.733599751270271,2.0,0.04540809603417923,0.22125672500321333,,,,,
5,402.4615268318418,,XGBoost,日最低负荷,298.0,5.0,,,0.055157796117099346,0.6109137709015935,0.9940482617051489,7.0,0.002251416512285581,1.3413571013232649e-05,,,,,
6,452.6422532654536,,XGBoost,日最低负荷,221.0,8.0,,,0.0118575259902959,0.8065928951245622,0.5916379812251464,9.0,0.1661887884987102,0.10315901955145915,,,,,
7,419.89248177883115,,XGBoost,日最低负荷,250.0,7.0,,,0.02133974258186792,0.6425645212270736,0.6454351718225285,7.0,9.878978304331599e-05,0.0034898472051065944,,,,,
8,448.2618353730425,,XGBoost,日最低负荷,139.0,9.0,,,0.013524675408784,0.6248543819128773,0.9353667691148643,7.0,0.027461796340794768,0.006237807898523576,,,,,
9,452.0654690654089,,XGBoost,日最低负荷,114.0,4.0,,,0.02122843676044428,0.5989613356451171,0.6510637975364757,6.0,0.015745610457586257,0.002192654565992103,,,,,
10,432.92683173220047,,XGBoost,日最低负荷,787.0,12.0,,,0.28525434452694304,0.998928560125881,0.5148672075883354,4.0,0.855335133169792,1.1904744139552095e-05,,,,,
11,430.0597404426723,,XGBoost,日最低负荷,443.0,6.0,,,0.07002968901743511,0.7778663185838735,0.8397403274159738,10.0,0.0012779699919069731,1.353745348946056e-05,,,,,
12,415.21053514928644,,XGBoost,日最低负荷,419.0,12.0,,,0.07338653347361335,0.7302328376595021,0.9891974318666635,6.0,1.1786393567546985e-05,8.22001122901162e-05,,,,,
13,445.75822888891594,,XGBoost,日最低负荷,557.0,3.0,,,0.1429307264200901,0.5138168085594184,0.8450117329091329,8.0,0.003978857794172035,0.00016484395085319424,,,,,
14,450.48893542851374,,XGBoost,日最低负荷,356.0,6.0,,,0.04721586191324312,0.9286936105105734,0.5146974178507211,5.0,0.0002045641949800965,0.00012156853513979084,,,,,
15,427.279637034389,,XGBoost,日最低负荷,623.0,8.0,,,0.11487907778642795,0.8660647786008752,0.8110275376616763,8.0,0.001028111660395938,0.0003606431477036128,,,,,
16,398.2854629098086,,XGBoost,日最低负荷,185.0,11.0,,,0.037854429173048154,0.5139264241587601,0.996057489392343,4.0,3.236790199027008e-05,3.737461574394495e-05,,,,,
17,410.3706984957912,,XGBoost,日最低负荷,172.0,11.0,,,0.03561456007974738,0.5243877678415634,0.9101366620587186,3.0,1.86358535406509e-05,0.000742627908862459,,,,,
18,425.3160013787993,,XGBoost,日最低负荷,102.0,11.0,,,0.2331915632539926,0.7195793082823198,0.6713651859012225,5.0,5.6202283458198836e-05,4.4912769154862176e-05,,,,,
19,450.381769731777,,XGBoost,日最低负荷,181.0,11.0,,,0.09987720940804695,0.5567451729602422,0.7828929059914151,3.0,3.982259945953983e-05,0.02924260476595863,,,,,
20,464.419791196144,,XGBoost,日最低负荷,370.0,12.0,,,0.03483340717034111,0.9354719731611609,0.6009607102012254,5.0,0.0004905131357577087,0.00038393807850516993,,,,,
21,410.1032725588975,,XGBoost,日最低负荷,301.0,9.0,,,0.03820734652493398,0.5640155595258102,0.9913729756927285,7.0,0.008202417672977936,3.342000089448752e-05,,,,,
22,415.2707306486057,,XGBoost,日最低负荷,200.0,10.0,,,0.08083891916142143,0.700703306729885,0.9534298160721252,6.0,0.001966553466562792,2.5238971209891285e-05,,,,,
23,427.7470495119185,,XGBoost,日最低负荷,343.0,5.0,,,0.05488264256599579,0.571684038381497,0.8885135361310649,8.0,0.00012918433520480794,6.418437766736286e-05,,,,,
24,419.0489950833737,,XGBoost,日最低负荷,169.0,8.0,,,0.18255149212766447,0.683204935708331,0.9641242215114382,10.0,0.00765081374522273,1.0353310289641175e-05,,,,,
25,423.60859649490175,,XGBoost,日最低负荷,270.0,11.0,,,0.09640351699003069,0.5006031947264644,0.8739578567375839,1.0,0.00042696506277345214,0.0002781970518349811,,,,,
26,417.6292217137754,,XGBoost,日最低负荷,398.0,9.0,,,0.027490380169700502,0.7593276225082067,0.9330413093829197,4.0,3.59937309320401e-05,0.0012250197681581726,,,,,
27,409.69030280875285,,XGBoost,日最低负荷,498.0,12.0,,,0.05048999092153431,0.8760127963061831,0.9858847549249768,9.0,0.054885664008858887,3.5130003607513327e-05,,,,,
28,424.9934697546959,,XGBoost,日最低负荷,223.0,4.0,,,0.07001108748523521,0.5460395896175636,0.8531501246058998,7.0,0.0007072937744972248,0.00015958289003949284,,,,,
29,414.62371265297975,,XGBoost,日最低负荷,290.0,6.0,,,0.016616327617841053,0.5893025422495535,0.7498911599895067,3.0,0.00327172905057591,0.0007771414483431418,,,,,
30,425.99566765683085,,XGBoost,日最低负荷,321.0,7.0,,,0.02844606784397852,0.665824824589803,0.6994193242759201,4.0,0.0002370387556029298,2.13956831908697e-05,,,,,
31,396.57584042729724,,XGBoost,日最低负荷,289.0,3.0,,,0.044628609706986226,0.8284264680471098,0.7224288306650537,9.0,0.18906453572877105,0.007708478032295231,,,,,
32,402.9877654720942,,XGBoost,日最低负荷,268.0,3.0,,,0.04241488037824034,0.8642639447302921,0.769907189434722,9.0,0.10518879375557781,0.01634709845754186,,,,,
33,425.20207658785284,,XGBoost,日最低负荷,148.0,4.0,,,0.05926011419570892,0.7901180725734216,0.5619391759622714,10.0,0.7447585846477249,0.014237521805010063,,,,,
34,405.60720765933496,,XGBoost,日最低负荷,217.0,5.0,,,0.1211409154849288,0.8388821961244527,0.6967617131837243,8.0,0.4555087191678605,0.1028435063217365,,,,,
35,405.8486048361858,,XGBoost,日最低负荷,317.0,3.0,,,0.03024390979612036,0.7512724805665196,0.8147040652179875,9.0,0.22015353382817016,6.838662895633498e-05,,,,,
36,401.3953320529472,,XGBoost,日最低负荷,242.0,4.0,,,0.06037991228732834,0.8185554326058697,0.7205849327935783,6.0,0.013107279432654474,0.28012543880733304,,,,,
37,387.3937536148472,,XGBoost,日最低负荷,248.0,4.0,,,0.0893477023881483,0.8341188878907827,0.7146001554911257,6.0,0.06208425226086917,0.6681539722816651,,,,,
38,378.654353943873,,XGBoost,日最低负荷,135.0,3.0,,,0.16831533182657094,0.9091819107607564,0.634490065177341,2.0,0.0634305751762543,0.09232630067721911,,,,,
39,405.7642884991892,,XGBoost,日最低负荷,137.0,3.0,,,0.1670790661179449,0.9253672047980861,0.6165397787078235,2.0,0.1507392735636201,0.7093864367833846,,,,,
40,405.2468901459815,,XGBoost,日最低负荷,194.0,5.0,,,0.20526995578873786,0.9727437356143938,0.5500221242856995,2.0,0.050703771000332534,0.08905493956818986,,,,,
41,407.22747857208697,,XGBoost,日最低负荷,105.0,4.0,,,0.14153297519886265,0.8928879484019736,0.6405804965476303,5.0,0.031330491882824905,0.5554353512029677,,,,,
42,384.69074494985927,,XGBoost,日最低负荷,241.0,3.0,,,0.09170728565667702,0.8387970845575026,0.7428439396414052,1.0,0.092328639293533,0.05475734272381011,,,,,
43,392.54160441016455,,XGBoost,日最低负荷,237.0,3.0,,,0.0876200656406533,0.8358485295101155,0.6773159256837844,1.0,0.0879131518770781,0.053332284311638084,,,,,
44,384.46182640033953,,XGBoost,日最低负荷,263.0,3.0,,,0.08935253485844033,0.8353852210532648,0.6853616714288998,1.0,0.08814835743426828,0.049520716557897394,,,,,
45,403.29195865643266,,XGBoost,日最低负荷,246.0,4.0,,,0.08723647351880612,0.844769578253436,0.7487093943757986,1.0,0.07448328905516544,0.04315074077377981,,,,,
46,406.1458319798149,,XGBoost,日最低负荷,143.0,3.0,,,0.12288992899277576,0.7986031897226898,0.6258169891419256,1.0,0.33577608787910157,0.18981558992563374,,,,,
47,405.9608043642722,,XGBoost,日最低负荷,251.0,3.0,,,0.0931330793401392,0.903212622193782,0.6627645904336639,2.0,0.09249081794953753,0.05673139783205893,,,,,
48,405.6401090153047,,XGBoost,日最低负荷,224.0,4.0,,,0.07978605415464782,0.9017638839941129,0.6925514196275356,1.0,0.020490825187738832,0.31578487763404267,,,,,
49,383.92793100268864,,XGBoost,日最低负荷,337.0,3.0,,,0.12896727030789687,0.9541508058459176,0.6707363278454626,2.0,0.03306976435318389,0.17498806832193847,,,,,
0,1082.2414965229,,SVR,日最低负荷,,,,,,,,,,,0.34718775056839046,0.21612287398159144,0.2484155067468171,,
1,938.9698705009149,,SVR,日最低负荷,,,,,,,,,,,28.596260517721266,0.1606789280714859,0.17471492345887615,,
2,1083.552394854433,,SVR,日最低负荷,,,,,,,,,,,0.3529029237287941,0.00016007362998705286,0.3102051089415598,,
3,1083.3559258203527,,SVR,日最低负荷,,,,,,,,,,,0.14536232685765593,0.0005736861282608803,0.08115726463101847,,
4,1066.4451137638837,,SVR,日最低负荷,,,,,,,,,,,30.672274126255985,0.5056773537188114,0.3244375125184345,,
5,1082.6607258513366,,SVR,日最低负荷,,,,,,,,,,,0.11292973999141753,0.14160269950875204,0.19313136540990955,,
6,1065.2690253324956,,SVR,日最低负荷,,,,,,,,,,,2.374279010078035,0.0014416244865427905,0.11293544157046889,,
7,1083.5420443298283,,SVR,日最低负荷,,,,,,,,,,,0.2911156080394012,0.00020400234114487684,0.33850869732704036,,
8,780.146239107445,,SVR,日最低负荷,,,,,,,,,,,15.132861268757237,0.02470322204059338,0.13729099986139054,,
9,961.5236771280989,,SVR,日最低负荷,,,,,,,,,,,15.597700159853016,0.13306270309541257,0.13679229800873244,,
10,975.0308765039282,,SVR,日最低负荷,,,,,,,,,,,3.7564535174957228,0.00876058601089118,0.4986105077570385,,
11,586.0632726756644,,SVR,日最低负荷,,,,,,,,,,,97.96276075802973,0.019420514697974654,0.05808897872467175,,
12,585.3392720492042,,SVR,日最低负荷,,,,,,,,,,,99.38233489432177,0.01847845072967942,0.015814765608450645,,
13,630.2757728008013,,SVR,日最低负荷,,,,,,,,,,,67.51053210094595,0.010694976914965454,0.027780634150796207,,
14,588.1888221500881,,SVR,日最低负荷,,,,,,,,,,,96.8641014669346,0.028590546926947895,0.022235478801537527,,
15,667.9149175861603,,SVR,日最低负荷,,,,,,,,,,,99.88440827012494,0.002941970800018483,0.0705895136437186,,
16,693.6081050284821,,SVR,日最低负荷,,,,,,,,,,,34.6059122344499,0.03443500114884172,0.016291558952897155,,
17,960.7447684059492,,SVR,日最低负荷,,,,,,,,,,,7.181232119278883,0.004249340551347852,0.0848306142595363,,
18,719.1064098518242,,SVR,日最低负荷,,,,,,,,,,,46.500396837041755,0.0644254723597407,0.20646750492474816,,
19,1079.39529562334,,SVR,日最低负荷,,,,,,,,,,,13.558656920492625,0.6787122888752062,0.43683814118187025,,
20,1045.5353545830558,,SVR,日最低负荷,,,,,,,,,,,1.0760674704453435,0.011204321437925364,0.07054411725639267,,
21,596.0923716980716,,SVR,日最低负荷,,,,,,,,,,,89.81174244312153,0.03074710927758227,0.011711665008955426,,
22,699.3497413328715,,SVR,日最低负荷,,,,,,,,,,,53.96059478120212,0.06320468733254511,0.04942218233693211,,
23,585.2447449574377,,SVR,日最低负荷,,,,,,,,,,,99.45636089162156,0.018571603764546155,0.1263784291405905,,
24,822.9651703555296,,SVR,日最低负荷,,,,,,,,,,,21.083859476871496,0.004429944064096485,0.13642489061379448,,
25,812.2422443671521,,SVR,日最低负荷,,,,,,,,,,,57.41794518735047,0.0014533390408680924,0.10620946178066482,,
26,670.8708006989613,,SVR,日最低负荷,,,,,,,,,,,42.38777079854631,0.011337548773500274,0.24004785598863765,,
27,925.2209030411958,,SVR,日最低负荷,,,,,,,,,,,9.060341140430587,0.07139416880262772,0.16840118993152156,,
28,627.0291197558432,,SVR,日最低负荷,,,,,,,,,,,61.27187510185879,0.021867005734062625,0.058860366139424185,,
29,753.9380752033145,,SVR,日最低负荷,,,,,,,,,,,25.42083812250757,0.006774509018926565,0.24585221591484632,,
30,975.3200700327665,,SVR,日最低负荷,,,,,,,,,,,73.26800123707999,0.3009775563610578,0.11243901219960616,,
31,586.6727153137002,,SVR,日最低负荷,,,,,,,,,,,97.77125277870803,0.01831807364434165,0.04180395939082548,,
32,660.7455738698137,,SVR,日最低负荷,,,,,,,,,,,42.16010116912092,0.016550070033278318,0.04634536489561178,,
33,614.3802374737012,,SVR,日最低负荷,,,,,,,,,,,94.07006863538746,0.05019636189800899,0.09938951527069755,,
34,723.0195393088044,,SVR,日最低负荷,,,,,,,,,,,23.131908219873523,0.015420954492941308,0.05389094290401298,,
35,835.7307180999296,,SVR,日最低负荷,,,,,,,,,,,37.983933737032615,0.0019242452840034978,0.15774202779612992,,
36,667.7376136211802,,SVR,日最低负荷,,,,,,,,,,,63.95790344932433,0.005436884192864508,0.04070439205274445,,
37,776.7905538403926,,SVR,日最低负荷,,,,,,,,,,,68.88099506297527,0.11473844113478698,0.08873186761234853,,
38,958.9523776350966,,SVR,日最低负荷,,,,,,,,,,,31.70022258608993,0.0007973798591623966,0.21044235977550618,,
39,920.8119244217149,,SVR,日最低负荷,,,,,,,,,,,97.89550578028786,0.26071429804996427,0.14297393074971598,,
40,666.7684770938306,,SVR,日最低负荷,,,,,,,,,,,51.10384608801206,0.04186178967823585,0.11833373445061678,,
41,589.8239348699454,,SVR,日最低负荷,,,,,,,,,,,92.91742750992503,0.020326005311626153,0.029053622175310538,,
42,613.7231068689598,,SVR,日最低负荷,,,,,,,,,,,71.12973044181467,0.027677457410370167,0.01418679045818573,,
43,812.1349179230532,,SVR,日最低负荷,,,,,,,,,,,31.663375080711504,0.08494492158190826,0.06996987017472223,,
44,646.7427890573514,,SVR,日最低负荷,,,,,,,,,,,49.72088922720964,0.014581252549572373,0.041279045412007456,,
45,622.4015666975512,,SVR,日最低负荷,,,,,,,,,,,73.1039230595146,0.03818058752081821,0.08470808957620349,,
46,785.7596321198811,,SVR,日最低负荷,,,,,,,,,,,19.23614408732003,0.007172270263125931,0.3697085127898392,,
47,772.6681688642193,,SVR,日最低负荷,,,,,,,,,,,39.48621116183343,0.00301862219466864,0.02932735856645365,,
48,829.9267865833007,,SVR,日最低负荷,,,,,,,,,,,99.72036258165168,0.17532041826938793,0.18966495581650517,,
49,1071.8026696517982,,SVR,日最低负荷,,,,,,,,,,,0.36024180231948755,0.008968934800064204,0.06906571861775998,,
0,607.8511048277823,,KNN,日最低负荷,,,,,,,,,,,,,,17.0,uniform
1,587.8618350846647,,KNN,日最低负荷,,,,,,,,,,,,,,3.0,uniform
2,609.1358933066343,,KNN,日最低负荷,,,,,,,,,,,,,,18.0,uniform
3,603.3048090060898,,KNN,日最低负荷,,,,,,,,,,,,,,21.0,distance
4,607.5176991474115,,KNN,日最低负荷,,,,,,,,,,,,,,25.0,distance
5,609.1358933066343,,KNN,日最低负荷,,,,,,,,,,,,,,18.0,uniform
6,600.2803284762073,,KNN,日最低负荷,,,,,,,,,,,,,,11.0,uniform
7,592.7323026366926,,KNN,日最低负荷,,,,,,,,,,,,,,13.0,distance
8,590.5220213283088,,KNN,日最低负荷,,,,,,,,,,,,,,6.0,uniform
9,607.8604560445661,,KNN,日最低负荷,,,,,,,,,,,,,,27.0,distance
10,587.8618350846647,,KNN,日最低负荷,,,,,,,,,,,,,,3.0,uniform
11,587.8618350846647,,KNN,日最低负荷,,,,,,,,,,,,,,3.0,uniform
12,587.8618350846647,,KNN,日最低负荷,,,,,,,,,,,,,,3.0,uniform
13,601.9325652684023,,KNN,日最低负荷,,,,,,,,,,,,,,8.0,uniform
14,601.9325652684023,,KNN,日最低负荷,,,,,,,,,,,,,,8.0,uniform
15,587.8618350846647,,KNN,日最低负荷,,,,,,,,,,,,,,3.0,uniform
16,597.877632055049,,KNN,日最低负荷,,,,,,,,,,,,,,7.0,uniform
17,600.2803284762073,,KNN,日最低负荷,,,,,,,,,,,,,,11.0,uniform
18,582.4487384809937,,KNN,日最低负荷,,,,,,,,,,,,,,6.0,distance
19,592.7323026366926,,KNN,日最低负荷,,,,,,,,,,,,,,13.0,distance
20,582.4487384809937,,KNN,日最低负荷,,,,,,,,,,,,,,6.0,distance
21,582.4487384809937,,KNN,日最低负荷,,,,,,,,,,,,,,6.0,distance
22,582.4487384809937,,KNN,日最低负荷,,,,,,,,,,,,,,6.0,distance
23,590.2365352193517,,KNN,日最低负荷,,,,,,,,,,,,,,9.0,distance
24,590.1069673836641,,KNN,日最低负荷,,,,,,,,,,,,,,11.0,distance
25,582.4487384809937,,KNN,日最低负荷,,,,,,,,,,,,,,6.0,distance
26,592.7618251286709,,KNN,日最低负荷,,,,,,,,,,,,,,14.0,distance
27,577.107159434851,,KNN,日最低负荷,,,,,,,,,,,,,,5.0,distance
28,589.8334032734475,,KNN,日最低负荷,,,,,,,,,,,,,,10.0,distance
29,593.2916970323353,,KNN,日最低负荷,,,,,,,,,,,,,,15.0,distance
30,577.107159434851,,KNN,日最低负荷,,,,,,,,,,,,,,5.0,distance
31,577.107159434851,,KNN,日最低负荷,,,,,,,,,,,,,,5.0,distance
32,577.107159434851,,KNN,日最低负荷,,,,,,,,,,,,,,5.0,distance
33,577.7886253806125,,KNN,日最低负荷,,,,,,,,,,,,,,4.0,distance
34,577.7886253806125,,KNN,日最低负荷,,,,,,,,,,,,,,4.0,distance
35,590.2365352193517,,KNN,日最低负荷,,,,,,,,,,,,,,9.0,distance
36,577.107159434851,,KNN,日最低负荷,,,,,,,,,,,,,,5.0,distance
37,591.574125015909,,KNN,日最低负荷,,,,,,,,,,,,,,8.0,distance
38,577.7886253806125,,KNN,日最低负荷,,,,,,,,,,,,,,4.0,distance
39,603.3048090060898,,KNN,日最低负荷,,,,,,,,,,,,,,21.0,distance
40,577.107159434851,,KNN,日最低负荷,,,,,,,,,,,,,,5.0,distance
41,577.107159434851,,KNN,日最低负荷,,,,,,,,,,,,,,5.0,distance
42,591.574125015909,,KNN,日最低负荷,,,,,,,,,,,,,,8.0,distance
43,577.107159434851,,KNN,日最低负荷,,,,,,,,,,,,,,5.0,distance
44,588.2403060154443,,KNN,日最低负荷,,,,,,,,,,,,,,7.0,distance
45,589.8334032734475,,KNN,日最低负荷,,,,,,,,,,,,,,10.0,distance
46,577.7886253806125,,KNN,日最低负荷,,,,,,,,,,,,,,4.0,distance
47,588.2403060154443,,KNN,日最低负荷,,,,,,,,,,,,,,7.0,distance
48,584.4083672122752,,KNN,日最低负荷,,,,,,,,,,,,,,3.0,distance
49,590.2365352193517,,KNN,日最低负荷,,,,,,,,,,,,,,9.0,distance
